Id,OwnerId,IsDeleted,Name,RecordTypeId,CreatedDate,CreatedById,LastModifiedDate,LastModifiedById,SystemModstamp,LastActivityDate,LastViewedDate,LastReferencedDate,sustain_app__AMER_Avg_Elec_Energy_Intensity_kwh_sqft__c,sustain_app__AMER_Avg_Energy_Intensity_kBtu_sqft__c,sustain_app__APAC_Avg_Elec_Energy_Intensity_kwh_sqft__c,sustain_app__APAC_Avg_Energy_Intensity_kBtu_sqft__c,sustain_app__Autogas_LPG_CH4_factor_g_CH4_km__c,sustain_app__Autogas_LPG_CO2_factor_kg_CO2_L__c,sustain_app__Autogas_LPG_N2O_factor_g_N2O_km__c,sustain_app__Biodiesel_CH4_factor_g_CH4_km__c,sustain_app__Biodiesel_CO2_factor_kg_CO2_L__c,sustain_app__Biodiesel_N2O_factor_g_N2O_km__c,sustain_app__CNG_CH4_factor_g_CH4_km__c,sustain_app__CNG_CO2_factor_kg_CO2_L__c,sustain_app__CNG_N2O_factor_g_N2O_km__c,sustain_app__City__c,sustain_app__Cooling_CO2e_Factor_tCO2e_MWh__c,sustain_app__Country__c,sustain_app__Data_Source__c,sustain_app__Diesel_CH4_Factor_g_mmBtu__c,sustain_app__Diesel_CO2_Factor__c,sustain_app__Diesel_CO2e_Factor_tCO2e_MWh__c,sustain_app__Diesel_N2O_Factor_g_mmBtu__c,sustain_app__EMEA_Avg_Elec_Energy_Intensity_kwh_sqft__c,sustain_app__EMEA_Avg_Energy_Intensity_kBtu_sqft__c,sustain_app__East_North_Central_Large__c,sustain_app__East_North_Central_Medium__c,sustain_app__East_North_Central_Small__c,sustain_app__East_South_Central_Large__c,sustain_app__East_South_Central_Medium__c,sustain_app__East_South_Central_Small__c,sustain_app__Emission_Factor_Update_Year__c,sustain_app__Ethanol_CH4_factor_g_CH4_km__c,sustain_app__Ethanol_CO2_factor_kg_CO2_L__c,sustain_app__Ethanol_N2O_factor_g_N2O_km__c,sustain_app__Fuel_Oil_CH4_Factor_g_mmBtu__c,sustain_app__Fuel_Oil_CO2_Factor_kg_mmBtu__c,sustain_app__Fuel_Oil_CO2e_Factor_tCO2e_MWh__c,sustain_app__Fuel_Oil_N2O_Factor_g_mmBtu__c,sustain_app__GWP_CH4__c,sustain_app__GWP_N2O__c,sustain_app__GWP__c,sustain_app__GWP_kgCO2ekg__c,sustain_app__Gasoline_CH4_factor_g_CH4_km__c,sustain_app__Gasoline_CO2_factor_kg_CO2_L__c,sustain_app__Gasoline_N2O_factor_g_N2O_km__c,sustain_app__Heating_CO2e_Factor_tCO2e_MWh__c,sustain_app__Jet_Fuel_CO2e_Factor_tCO2e_Gal__c,sustain_app__Middle_Atlantic_Large__c,sustain_app__Middle_Atlantic_Medium__c,sustain_app__Middle_Atlantic_Small__c,sustain_app__Midwest_Large__c,sustain_app__Midwest_Medium__c,sustain_app__Midwest_Small__c,sustain_app__Midwest_kBtusft__c,sustain_app__Mobile_Diesel_CH4_factor_g_CH4_km__c,sustain_app__Mobile_Diesel_CO2_factor_kg_CO2_L__c,sustain_app__Mobile_Diesel_N2O_factor_g_N2O_km__c,sustain_app__Mountain_Large__c,sustain_app__Mountain_Medium__c,sustain_app__Mountain_Small__c,sustain_app__Natural_Gas_CH4_Factor_g_mmBtu__c,sustain_app__Natural_Gas_CO2_Factor__c,sustain_app__Natural_Gas_CO2e_Factor_tCO2e_MWh__c,sustain_app__Natural_Gas_Cal_Conversion_kWh_m3__c,sustain_app__Natural_Gas_N2O_Factor_g_mmBtu__c,sustain_app__New_England_Large__c,sustain_app__New_England_Medium__c,sustain_app__New_England_Small__c,sustain_app__Non_US_Real_Estate_Avg_kBtu_Sqft__c,sustain_app__Northeast_Large__c,sustain_app__Northeast_Medium__c,sustain_app__Northeast_Small__c,sustain_app__Northeast_kBtusft__c,sustain_app__Pacific_Large__c,sustain_app__Pacific_Medium__c,sustain_app__Pacific_Small__c,sustain_app__Propane_CH4_Factor__c,sustain_app__Propane_CO2_Factor__c,sustain_app__Propane_CO2e_Factor_tCO2e_MWh__c,sustain_app__Propane_N2O_Factor__c,sustain_app__RefrigerantLeakageRatekgITkWh__c,sustain_app__RefrigerantLeakageRatekgM2__c,sustain_app__RefrigerantLeakageRatekgSqft__c,sustain_app__Refrigerant_Name__c,sustain_app__South_Atlantic_Large__c,sustain_app__South_Atlantic_Medium__c,sustain_app__South_Atlantic_Small__c,sustain_app__South_Large__c,sustain_app__South_Medium__c,sustain_app__South_Small__c,sustain_app__South_kBtusft__c,sustain_app__State__c,sustain_app__Steam_CH4_Factor_g_mmBtu__c,sustain_app__Steam_CO2_Factor_kg_mmBtu__c,sustain_app__Steam_CO2e_Factor_tCO2e_MWh__c,sustain_app__Steam_N2O_Factor_g_mmBtu__c,sustain_app__SubRegion_Name__c,sustain_app__West_Large__c,sustain_app__West_Medium__c,sustain_app__West_North_Central_Large__c,sustain_app__West_North_Central_Medium__c,sustain_app__West_North_Central_Small__c,sustain_app__West_Small__c,sustain_app__West_South_Central_Large__c,sustain_app__West_South_Central_Medium__c,sustain_app__West_South_Central_Small__c,sustain_app__West_kBtusft__c,sustain_app__jet_fuel_ch4_factor_g_gal__c,sustain_app__jet_fuel_co2_factor_g__c,sustain_app__jet_fuel_n2o_factor_g_gal__c
a091h000004KQLCAA4,0051h0000064LyPAAU,,Energy Intensity Reference Data,0121h000001lj5QAAQ,2021-03-29T18:32:50.000+0000,0051h0000064LyPAAU,2021-03-29T18:34:23.000+0000,0051h0000064LyPAAU,2021-03-29T18:34:23.000+0000,,2021-03-29T18:32:51.000+0000,2021-03-29T18:32:51.000+0000,2.828,48.03242999999999,1.4713510571823836,23.012744279567798,,,,,,,,,,,,,https://www.eia.gov/consumption/commercial/data/2012/index.php?view=consumption,,,0,,3.516614698777951,59.72827063508594,15.4,12.2,15.2,15.1,13.9,15.4,2019,,,,,,0,,,,,,,,,,0,17.8,12.6,14.3,15.3,12.1,13.2,82.8,,,,16.2,10.9,16.2,,,0,,,14.9,10.6,11.6,,17.3,12,13.2,93.9,17,10.9,13.8,,,0,,,,,,16.6,15,19,17,14.8,17.5,74.9,,,,0,,,16.8,10.9,15,12.1,10.5,14.4,18.5,14.8,16.6,74.7,,,
a091h000004KQLDAA4,0051h0000064LyPAAU,,General Conversion Factors,0121h000001lj5RAAQ,2021-03-29T18:32:50.000+0000,0051h0000064LyPAAU,2021-03-29T18:32:50.000+0000,0051h0000064LyPAAU,2021-03-29T18:32:50.000+0000,,2021-03-29T18:32:51.000+0000,2021-03-29T18:32:51.000+0000,,,,,,,,,,,,,,,,,https://www.gov.uk/government/collections/government-conversion-factors-for-company-reporting; https://www.epa.gov/sites/production/files/2018-03/documents/emission-factors_mar_2018_0.pdf,3,73.96,0.25319,0.6,,,,,,,,,2018,,,,3,73.96,0.2531912,0.6,28,265,1,,,,,,0.0098295,,,,,,,,,,,,,,1,53.06,0.18123,,0.1,,,,,,,,,,,,,,0,,0.00000166,0.002153,0.00020002024512,,,,,,,,,,1.25,66.33,0.22656,0.13,,,,,,,,,,,,0,9.75,0.3
a091h000004KQLEAA4,0051h0000064LyPAAU,,Carbon tetrachloride - 2018 revision,0121h000001lj5TAAQ,2021-03-29T18:32:50.000+0000,0051h0000064LyPAAU,2021-03-29T18:32:50.000+0000,0051h0000064LyPAAU,2021-03-29T18:32:50.000+0000,,2021-03-29T18:32:51.000+0000,2021-03-29T18:32:51.000+0000,,,,,,,,,,,,,,,,,https://www.gov.uk/government/publications/greenhouse-gas-reporting-conversion-factors-2018,,,0,,,,,,,,,,2018,,,,,,0,,,,,1400,,,,,0,,,,,,,,,,,,,,,,0,,,,,,,,,,,,,,,,0,,,,,Carbon tetrachloride,,,,,,,,,,,0,,,,,,,,,,,,,,,
a091h000004KQLFAA4,0051h0000064LyPAAU,,CFC-11 / R11 (trichlorofluoromethane) - 2018 revision,0121h000001lj5TAAQ,2021-03-29T18:32:50.000+0000,0051h0000064LyPAAU,2021-03-29T18:32:50.000+0000,0051h0000064LyPAAU,2021-03-29T18:32:50.000+0000,,2021-03-29T18:32:51.000+0000,2021-03-29T18:32:51.000+0000,,,,,,,,,,,,,,,,,https://www.gov.uk/government/publications/greenhouse-gas-reporting-conversion-factors-2018,,,0,,,,,,,,,,2018,,,,,,0,,,,,4750,,,,,0,,,,,,,,,,,,,,,,0,,,,,,,,,,,,,,,,0,,,,,CFC-11 / R11 (trichlorofluoromethane),,,,,,,,,,,0,,,,,,,,,,,,,,,
a091h000004KQLGAA4,0051h0000064LyPAAU,,CFC-113 - 2018 revision,0121h000001lj5TAAQ,2021-03-29T18:32:50.000+0000,0051h0000064LyPAAU,2021-03-29T18:32:50.000+0000,0051h0000064LyPAAU,2021-03-29T18:32:50.000+0000,,2021-03-29T18:32:51.000+0000,2021-03-29T18:32:51.000+0000,,,,,,,,,,,,,,,,,https://www.gov.uk/government/publications/greenhouse-gas-reporting-conversion-factors-2018,,,0,,,,,,,,,,2018,,,,,,0,,,,,6130,,,,,0,,,,,,,,,,,,,,,,0,,,,,,,,,,,,,,,,0,,,,,CFC-113,,,,,,,,,,,0,,,,,,,,,,,,,,,
a091h000004KQLHAA4,0051h0000064LyPAAU,,CFC-114 - 2018 revision,0121h000001lj5TAAQ,2021-03-29T18:32:50.000+0000,0051h0000064LyPAAU,2021-03-29T18:32:50.000+0000,0051h0000064LyPAAU,2021-03-29T18:32:50.000+0000,,2021-03-29T18:32:51.000+0000,2021-03-29T18:32:51.000+0000,,,,,,,,,,,,,,,,,https://www.gov.uk/government/publications/greenhouse-gas-reporting-conversion-factors-2018,,,0,,,,,,,,,,2018,,,,,,0,,,,,10000,,,,,0,,,,,,,,,,,,,,,,0,,,,,,,,,,,,,,,,0,,,,,CFC-114,,,,,,,,,,,0,,,,,,,,,,,,,,,
a091h000004KQLIAA4,0051h0000064LyPAAU,,CFC-115 - 2018 revision,0121h000001lj5TAAQ,2021-03-29T18:32:50.000+0000,0051h0000064LyPAAU,2021-03-29T18:32:50.000+0000,0051h0000064LyPAAU,2021-03-29T18:32:50.000+0000,,2021-03-29T18:32:51.000+0000,2021-03-29T18:32:51.000+0000,,,,,,,,,,,,,,,,,https://www.gov.uk/government/publications/greenhouse-gas-reporting-conversion-factors-2018,,,0,,,,,,,,,,2018,,,,,,0,,,,,7370,,,,,0,,,,,,,,,,,,,,,,0,,,,,,,,,,,,,,,,0,,,,,CFC-115,,,,,,,,,,,0,,,,,,,,,,,,,,,
a091h000004KQLJAA4,0051h0000064LyPAAU,,CFC-12 / R12 (dichlorodifluoromethane) - 2018 revision,0121h000001lj5TAAQ,2021-03-29T18:32:50.000+0000,0051h0000064LyPAAU,2021-03-29T18:32:50.000+0000,0051h0000064LyPAAU,2021-03-29T18:32:50.000+0000,,2021-03-29T18:32:51.000+0000,2021-03-29T18:32:51.000+0000,,,,,,,,,,,,,,,,,https://www.gov.uk/government/publications/greenhouse-gas-reporting-conversion-factors-2018,,,0,,,,,,,,,,2018,,,,,,0,,,,,10900,,,,,0,,,,,,,,,,,,,,,,0,,,,,,,,,,,,,,,,0,,,,,CFC-12 / R12 (dichlorodifluoromethane),,,,,,,,,,,0,,,,,,,,,,,,,,,
a091h000004KQLKAA4,0051h0000064LyPAAU,,CFC-13 - 2018 revision,0121h000001lj5TAAQ,2021-03-29T18:32:50.000+0000,0051h0000064LyPAAU,2021-03-29T18:32:50.000+0000,0051h0000064LyPAAU,2021-03-29T18:32:50.000+0000,,2021-03-29T18:32:51.000+0000,2021-03-29T18:32:51.000+0000,,,,,,,,,,,,,,,,,https://www.gov.uk/government/publications/greenhouse-gas-reporting-conversion-factors-2018,,,0,,,,,,,,,,2018,,,,,,0,,,,,14400,,,,,0,,,,,,,,,,,,,,,,0,,,,,,,,,,,,,,,,0,,,,,CFC-13,,,,,,,,,,,0,,,,,,,,,,,,,,,
a091h000004KQLLAA4,0051h0000064LyPAAU,,Dimethylether - 2018 revision,0121h000001lj5TAAQ,2021-03-29T18:32:50.000+0000,0051h0000064LyPAAU,2021-03-29T18:32:50.000+0000,0051h0000064LyPAAU,2021-03-29T18:32:50.000+0000,,2021-03-29T18:32:51.000+0000,2021-03-29T18:32:51.000+0000,,,,,,,,,,,,,,,,,https://www.gov.uk/government/publications/greenhouse-gas-reporting-conversion-factors-2018,,,0,,,,,,,,,,2018,,,,,,0,,,,,1,,,,,0,,,,,,,,,,,,,,,,0,,,,,,,,,,,,,,,,0,,,,,Dimethylether,,,,,,,,,,,0,,,,,,,,,,,,,,,
a091h000004KQLMAA4,0051h0000064LyPAAU,,Halon-1211 - 2018 revision,0121h000001lj5TAAQ,2021-03-29T18:32:50.000+0000,0051h0000064LyPAAU,2021-03-29T18:32:50.000+0000,0051h0000064LyPAAU,2021-03-29T18:32:50.000+0000,,2021-03-29T18:32:51.000+0000,2021-03-29T18:32:51.000+0000,,,,,,,,,,,,,,,,,https://www.gov.uk/government/publications/greenhouse-gas-reporting-conversion-factors-2018,,,0,,,,,,,,,,2018,,,,,,0,,,,,1890,,,,,0,,,,,,,,,,,,,,,,0,,,,,,,,,,,,,,,,0,,,,,Halon-1211,,,,,,,,,,,0,,,,,,,,,,,,,,,
a091h000004KQLNAA4,0051h0000064LyPAAU,,Halon-1301 - 2018 revision,0121h000001lj5TAAQ,2021-03-29T18:32:50.000+0000,0051h0000064LyPAAU,2021-03-29T18:32:50.000+0000,0051h0000064LyPAAU,2021-03-29T18:32:50.000+0000,,2021-03-29T18:32:51.000+0000,2021-03-29T18:32:51.000+0000,,,,,,,,,,,,,,,,,https://www.gov.uk/government/publications/greenhouse-gas-reporting-conversion-factors-2018,,,0,,,,,,,,,,2018,,,,,,0,,,,,7140,,,,,0,,,,,,,,,,,,,,,,0,,,,,,,,,,,,,,,,0,,,,,Halon-1301,,,,,,,,,,,0,,,,,,,,,,,,,,,
a091h000004KQLOAA4,0051h0000064LyPAAU,,Halon-2402 - 2018 revision,0121h000001lj5TAAQ,2021-03-29T18:32:50.000+0000,0051h0000064LyPAAU,2021-03-29T18:32:50.000+0000,0051h0000064LyPAAU,2021-03-29T18:32:50.000+0000,,2021-03-29T18:32:51.000+0000,2021-03-29T18:32:51.000+0000,,,,,,,,,,,,,,,,,https://www.gov.uk/government/publications/greenhouse-gas-reporting-conversion-factors-2018,,,0,,,,,,,,,,2018,,,,,,0,,,,,1640,,,,,0,,,,,,,,,,,,,,,,0,,,,,,,,,,,,,,,,0,,,,,Halon-2402,,,,,,,,,,,0,,,,,,,,,,,,,,,
a091h000004KQLPAA4,0051h0000064LyPAAU,,HCFC-123 - 2018 revision,0121h000001lj5TAAQ,2021-03-29T18:32:50.000+0000,0051h0000064LyPAAU,2021-03-29T18:32:50.000+0000,0051h0000064LyPAAU,2021-03-29T18:32:50.000+0000,,2021-03-29T18:32:51.000+0000,2021-03-29T18:32:51.000+0000,,,,,,,,,,,,,,,,,https://www.gov.uk/government/publications/greenhouse-gas-reporting-conversion-factors-2018,,,0,,,,,,,,,,2018,,,,,,0,,,,,77,,,,,0,,,,,,,,,,,,,,,,0,,,,,,,,,,,,,,,,0,,,,,HCFC-123,,,,,,,,,,,0,,,,,,,,,,,,,,,
a091h000004KQLQAA4,0051h0000064LyPAAU,,HCFC-124 - 2018 revision,0121h000001lj5TAAQ,2021-03-29T18:32:50.000+0000,0051h0000064LyPAAU,2021-03-29T18:32:50.000+0000,0051h0000064LyPAAU,2021-03-29T18:32:50.000+0000,,2021-03-29T18:32:51.000+0000,2021-03-29T18:32:51.000+0000,,,,,,,,,,,,,,,,,https://www.gov.uk/government/publications/greenhouse-gas-reporting-conversion-factors-2018,,,0,,,,,,,,,,2018,,,,,,0,,,,,609,,,,,0,,,,,,,,,,,,,,,,0,,,,,,,,,,,,,,,,0,,,,,HCFC-124,,,,,,,,,,,0,,,,,,,,,,,,,,,
a091h000004KQLRAA4,0051h0000064LyPAAU,,HCFC-141b - 2018 revision,0121h000001lj5TAAQ,2021-03-29T18:32:50.000+0000,0051h0000064LyPAAU,2021-03-29T18:32:50.000+0000,0051h0000064LyPAAU,2021-03-29T18:32:50.000+0000,,2021-03-29T18:32:51.000+0000,2021-03-29T18:32:51.000+0000,,,,,,,,,,,,,,,,,https://www.gov.uk/government/publications/greenhouse-gas-reporting-conversion-factors-2018,,,0,,,,,,,,,,2018,,,,,,0,,,,,725,,,,,0,,,,,,,,,,,,,,,,0,,,,,,,,,,,,,,,,0,,,,,HCFC-141b,,,,,,,,,,,0,,,,,,,,,,,,,,,
a091h000004KQLSAA4,0051h0000064LyPAAU,,HCFC-142b - 2018 revision,0121h000001lj5TAAQ,2021-03-29T18:32:50.000+0000,0051h0000064LyPAAU,2021-03-29T18:32:50.000+0000,0051h0000064LyPAAU,2021-03-29T18:32:50.000+0000,,2021-03-29T18:32:51.000+0000,2021-03-29T18:32:51.000+0000,,,,,,,,,,,,,,,,,https://www.gov.uk/government/publications/greenhouse-gas-reporting-conversion-factors-2018,,,0,,,,,,,,,,2018,,,,,,0,,,,,2310,,,,,0,,,,,,,,,,,,,,,,0,,,,,,,,,,,,,,,,0,,,,,HCFC-142b,,,,,,,,,,,0,,,,,,,,,,,,,,,
a091h000004KQLTAA4,0051h0000064LyPAAU,,HCFC-21 - 2018 revision,0121h000001lj5TAAQ,2021-03-29T18:32:50.000+0000,0051h0000064LyPAAU,2021-03-29T18:32:50.000+0000,0051h0000064LyPAAU,2021-03-29T18:32:50.000+0000,,2021-03-29T18:32:51.000+0000,2021-03-29T18:32:51.000+0000,,,,,,,,,,,,,,,,,https://www.gov.uk/government/publications/greenhouse-gas-reporting-conversion-factors-2018,,,0,,,,,,,,,,2018,,,,,,0,,,,,151,,,,,0,,,,,,,,,,,,,,,,0,,,,,,,,,,,,,,,,0,,,,,HCFC-21,,,,,,,,,,,0,,,,,,,,,,,,,,,
a091h000004KQLUAA4,0051h0000064LyPAAU,,HCFC-22 / R22 (chlorodifluoromethane) - 2018 revision,0121h000001lj5TAAQ,2021-03-29T18:32:50.000+0000,0051h0000064LyPAAU,2021-03-29T18:32:50.000+0000,0051h0000064LyPAAU,2021-03-29T18:32:50.000+0000,,2021-03-29T18:32:51.000+0000,2021-03-29T18:32:51.000+0000,,,,,,,,,,,,,,,,,https://www.gov.uk/government/publications/greenhouse-gas-reporting-conversion-factors-2018,,,0,,,,,,,,,,2018,,,,,,0,,,,,1810,,,,,0,,,,,,,,,,,,,,,,0,,,,,,,,,,,,,,,,0,,,,,HCFC-22 / R22 (chlorodifluoromethane),,,,,,,,,,,0,,,,,,,,,,,,,,,
a091h000004KQLVAA4,0051h0000064LyPAAU,,HCFC-225ca - 2018 revision,0121h000001lj5TAAQ,2021-03-29T18:32:50.000+0000,0051h0000064LyPAAU,2021-03-29T18:32:50.000+0000,0051h0000064LyPAAU,2021-03-29T18:32:50.000+0000,,2021-03-29T18:32:51.000+0000,2021-03-29T18:32:51.000+0000,,,,,,,,,,,,,,,,,https://www.gov.uk/government/publications/greenhouse-gas-reporting-conversion-factors-2018,,,0,,,,,,,,,,2018,,,,,,0,,,,,122,,,,,0,,,,,,,,,,,,,,,,0,,,,,,,,,,,,,,,,0,,,,,HCFC-225ca,,,,,,,,,,,0,,,,,,,,,,,,,,,
a091h000004KQLWAA4,0051h0000064LyPAAU,,HCFC-225cb - 2018 revision,0121h000001lj5TAAQ,2021-03-29T18:32:50.000+0000,0051h0000064LyPAAU,2021-03-29T18:32:50.000+0000,0051h0000064LyPAAU,2021-03-29T18:32:50.000+0000,,2021-03-29T18:32:51.000+0000,2021-03-29T18:32:51.000+0000,,,,,,,,,,,,,,,,,https://www.gov.uk/government/publications/greenhouse-gas-reporting-conversion-factors-2018,,,0,,,,,,,,,,2018,,,,,,0,,,,,595,,,,,0,,,,,,,,,,,,,,,,0,,,,,,,,,,,,,,,,0,,,,,HCFC-225cb,,,,,,,,,,,0,,,,,,,,,,,,,,,
a091h000004KQLXAA4,0051h0000064LyPAAU,,HCFE-235da2 - 2018 revision,0121h000001lj5TAAQ,2021-03-29T18:32:50.000+0000,0051h0000064LyPAAU,2021-03-29T18:32:50.000+0000,0051h0000064LyPAAU,2021-03-29T18:32:50.000+0000,,2021-03-29T18:32:51.000+0000,2021-03-29T18:32:51.000+0000,,,,,,,,,,,,,,,,,https://www.gov.uk/government/publications/greenhouse-gas-reporting-conversion-factors-2018,,,0,,,,,,,,,,2018,,,,,,0,,,,,350,,,,,0,,,,,,,,,,,,,,,,0,,,,,,,,,,,,,,,,0,,,,,HCFE-235da2,,,,,,,,,,,0,,,,,,,,,,,,,,,
a091h000004KQLYAA4,0051h0000064LyPAAU,,HFC-125 - 2018 revision,0121h000001lj5TAAQ,2021-03-29T18:32:50.000+0000,0051h0000064LyPAAU,2021-03-29T18:32:50.000+0000,0051h0000064LyPAAU,2021-03-29T18:32:50.000+0000,,2021-03-29T18:32:51.000+0000,2021-03-29T18:32:51.000+0000,,,,,,,,,,,,,,,,,https://www.gov.uk/government/publications/greenhouse-gas-reporting-conversion-factors-2018,,,0,,,,,,,,,,2018,,,,,,0,,,,,3500,,,,,0,,,,,,,,,,,,,,,,0,,,,,,,,,,,,,,,,0,,,,,HFC-125,,,,,,,,,,,0,,,,,,,,,,,,,,,
a091h000004KQLZAA4,0051h0000064LyPAAU,,HFC-134 - 2018 revision,0121h000001lj5TAAQ,2021-03-29T18:32:50.000+0000,0051h0000064LyPAAU,2021-03-29T18:32:50.000+0000,0051h0000064LyPAAU,2021-03-29T18:32:50.000+0000,,2021-03-29T18:32:51.000+0000,2021-03-29T18:32:51.000+0000,,,,,,,,,,,,,,,,,https://www.gov.uk/government/publications/greenhouse-gas-reporting-conversion-factors-2018,,,0,,,,,,,,,,2018,,,,,,0,,,,,1100,,,,,0,,,,,,,,,,,,,,,,0,,,,,,,,,,,,,,,,0,,,,,HFC-134,,,,,,,,,,,0,,,,,,,,,,,,,,,
a091h000004KQLaAAO,0051h0000064LyPAAU,,HFC-134a - 2018 revision,0121h000001lj5TAAQ,2021-03-29T18:32:50.000+0000,0051h0000064LyPAAU,2021-03-29T18:32:50.000+0000,0051h0000064LyPAAU,2021-03-29T18:32:50.000+0000,,2021-03-29T18:32:51.000+0000,2021-03-29T18:32:51.000+0000,,,,,,,,,,,,,,,,,https://www.gov.uk/government/publications/greenhouse-gas-reporting-conversion-factors-2018,,,0,,,,,,,,,,2018,,,,,,0,,,,,1430,,,,,0,,,,,,,,,,,,,,,,0,,,,,,,,,,,,,,,,0,,,,,HFC-134a,,,,,,,,,,,0,,,,,,,,,,,,,,,
a091h000004KQLbAAO,0051h0000064LyPAAU,,HFC-143 - 2018 revision,0121h000001lj5TAAQ,2021-03-29T18:32:50.000+0000,0051h0000064LyPAAU,2021-03-29T18:32:50.000+0000,0051h0000064LyPAAU,2021-03-29T18:32:50.000+0000,,2021-03-29T18:32:51.000+0000,2021-03-29T18:32:51.000+0000,,,,,,,,,,,,,,,,,https://www.gov.uk/government/publications/greenhouse-gas-reporting-conversion-factors-2018,,,0,,,,,,,,,,2018,,,,,,0,,,,,353,,,,,0,,,,,,,,,,,,,,,,0,,,,,,,,,,,,,,,,0,,,,,HFC-143,,,,,,,,,,,0,,,,,,,,,,,,,,,
a091h000004KQLcAAO,0051h0000064LyPAAU,,HFC-143a - 2018 revision,0121h000001lj5TAAQ,2021-03-29T18:32:50.000+0000,0051h0000064LyPAAU,2021-03-29T18:32:50.000+0000,0051h0000064LyPAAU,2021-03-29T18:32:50.000+0000,,2021-03-29T18:32:51.000+0000,2021-03-29T18:32:51.000+0000,,,,,,,,,,,,,,,,,https://www.gov.uk/government/publications/greenhouse-gas-reporting-conversion-factors-2018,,,0,,,,,,,,,,2018,,,,,,0,,,,,4470,,,,,0,,,,,,,,,,,,,,,,0,,,,,,,,,,,,,,,,0,,,,,HFC-143a,,,,,,,,,,,0,,,,,,,,,,,,,,,
a091h000004KQLdAAO,0051h0000064LyPAAU,,HFC-152 - 2018 revision,0121h000001lj5TAAQ,2021-03-29T18:32:50.000+0000,0051h0000064LyPAAU,2021-03-29T18:32:50.000+0000,0051h0000064LyPAAU,2021-03-29T18:32:50.000+0000,,2021-03-29T18:32:51.000+0000,2021-03-29T18:32:51.000+0000,,,,,,,,,,,,,,,,,https://www.gov.uk/government/publications/greenhouse-gas-reporting-conversion-factors-2018,,,0,,,,,,,,,,2018,,,,,,0,,,,,53,,,,,0,,,,,,,,,,,,,,,,0,,,,,,,,,,,,,,,,0,,,,,HFC-152,,,,,,,,,,,0,,,,,,,,,,,,,,,
a091h000004KQLeAAO,0051h0000064LyPAAU,,HFC-152a - 2018 revision,0121h000001lj5TAAQ,2021-03-29T18:32:50.000+0000,0051h0000064LyPAAU,2021-03-29T18:32:50.000+0000,0051h0000064LyPAAU,2021-03-29T18:32:50.000+0000,,2021-03-29T18:32:51.000+0000,2021-03-29T18:32:51.000+0000,,,,,,,,,,,,,,,,,https://www.gov.uk/government/publications/greenhouse-gas-reporting-conversion-factors-2018,,,0,,,,,,,,,,2018,,,,,,0,,,,,124,,,,,0,,,,,,,,,,,,,,,,0,,,,,,,,,,,,,,,,0,,,,,HFC-152a,,,,,,,,,,,0,,,,,,,,,,,,,,,
a091h000004KQLfAAO,0051h0000064LyPAAU,,HFC-161 - 2018 revision,0121h000001lj5TAAQ,2021-03-29T18:32:50.000+0000,0051h0000064LyPAAU,2021-03-29T18:32:50.000+0000,0051h0000064LyPAAU,2021-03-29T18:32:50.000+0000,,2021-03-29T18:32:51.000+0000,2021-03-29T18:32:51.000+0000,,,,,,,,,,,,,,,,,https://www.gov.uk/government/publications/greenhouse-gas-reporting-conversion-factors-2018,,,0,,,,,,,,,,2018,,,,,,0,,,,,12,,,,,0,,,,,,,,,,,,,,,,0,,,,,,,,,,,,,,,,0,,,,,HFC-161,,,,,,,,,,,0,,,,,,,,,,,,,,,
a091h000004KQLgAAO,0051h0000064LyPAAU,,HFC-227ea - 2018 revision,0121h000001lj5TAAQ,2021-03-29T18:32:50.000+0000,0051h0000064LyPAAU,2021-03-29T18:32:50.000+0000,0051h0000064LyPAAU,2021-03-29T18:32:50.000+0000,,2021-03-29T18:32:51.000+0000,2021-03-29T18:32:51.000+0000,,,,,,,,,,,,,,,,,https://www.gov.uk/government/publications/greenhouse-gas-reporting-conversion-factors-2018,,,0,,,,,,,,,,2018,,,,,,0,,,,,3220,,,,,0,,,,,,,,,,,,,,,,0,,,,,,,,,,,,,,,,0,,,,,HFC-227ea,,,,,,,,,,,0,,,,,,,,,,,,,,,
a091h000004KQLhAAO,0051h0000064LyPAAU,,HFC-23 - 2018 revision,0121h000001lj5TAAQ,2021-03-29T18:32:50.000+0000,0051h0000064LyPAAU,2021-03-29T18:32:50.000+0000,0051h0000064LyPAAU,2021-03-29T18:32:50.000+0000,,2021-03-29T18:32:51.000+0000,2021-03-29T18:32:51.000+0000,,,,,,,,,,,,,,,,,https://www.gov.uk/government/publications/greenhouse-gas-reporting-conversion-factors-2018,,,0,,,,,,,,,,2018,,,,,,0,,,,,14800,,,,,0,,,,,,,,,,,,,,,,0,,,,,,,,,,,,,,,,0,,,,,HFC-23,,,,,,,,,,,0,,,,,,,,,,,,,,,
a091h000004KQLiAAO,0051h0000064LyPAAU,,HFC-236cb - 2018 revision,0121h000001lj5TAAQ,2021-03-29T18:32:50.000+0000,0051h0000064LyPAAU,2021-03-29T18:32:50.000+0000,0051h0000064LyPAAU,2021-03-29T18:32:50.000+0000,,2021-03-29T18:32:51.000+0000,2021-03-29T18:32:51.000+0000,,,,,,,,,,,,,,,,,https://www.gov.uk/government/publications/greenhouse-gas-reporting-conversion-factors-2018,,,0,,,,,,,,,,2018,,,,,,0,,,,,1340,,,,,0,,,,,,,,,,,,,,,,0,,,,,,,,,,,,,,,,0,,,,,HFC-236cb,,,,,,,,,,,0,,,,,,,,,,,,,,,
a091h000004KQLjAAO,0051h0000064LyPAAU,,HFC-236ea - 2018 revision,0121h000001lj5TAAQ,2021-03-29T18:32:50.000+0000,0051h0000064LyPAAU,2021-03-29T18:32:50.000+0000,0051h0000064LyPAAU,2021-03-29T18:32:50.000+0000,,2021-03-29T18:32:51.000+0000,2021-03-29T18:32:51.000+0000,,,,,,,,,,,,,,,,,https://www.gov.uk/government/publications/greenhouse-gas-reporting-conversion-factors-2018,,,0,,,,,,,,,,2018,,,,,,0,,,,,1370,,,,,0,,,,,,,,,,,,,,,,0,,,,,,,,,,,,,,,,0,,,,,HFC-236ea,,,,,,,,,,,0,,,,,,,,,,,,,,,
a091h000004KQLkAAO,0051h0000064LyPAAU,,HFC-236fa - 2018 revision,0121h000001lj5TAAQ,2021-03-29T18:32:50.000+0000,0051h0000064LyPAAU,2021-03-29T18:32:50.000+0000,0051h0000064LyPAAU,2021-03-29T18:32:50.000+0000,,2021-03-29T18:32:51.000+0000,2021-03-29T18:32:51.000+0000,,,,,,,,,,,,,,,,,https://www.gov.uk/government/publications/greenhouse-gas-reporting-conversion-factors-2018,,,0,,,,,,,,,,2018,,,,,,0,,,,,9810,,,,,0,,,,,,,,,,,,,,,,0,,,,,,,,,,,,,,,,0,,,,,HFC-236fa,,,,,,,,,,,0,,,,,,,,,,,,,,,
a091h000004KQLlAAO,0051h0000064LyPAAU,,HFC-245ca - 2018 revision,0121h000001lj5TAAQ,2021-03-29T18:32:50.000+0000,0051h0000064LyPAAU,2021-03-29T18:32:50.000+0000,0051h0000064LyPAAU,2021-03-29T18:32:50.000+0000,,2021-03-29T18:32:51.000+0000,2021-03-29T18:32:51.000+0000,,,,,,,,,,,,,,,,,https://www.gov.uk/government/publications/greenhouse-gas-reporting-conversion-factors-2018,,,0,,,,,,,,,,2018,,,,,,0,,,,,693,,,,,0,,,,,,,,,,,,,,,,0,,,,,,,,,,,,,,,,0,,,,,HFC-245ca,,,,,,,,,,,0,,,,,,,,,,,,,,,
a091h000004KQLmAAO,0051h0000064LyPAAU,,HFC-245fa - 2018 revision,0121h000001lj5TAAQ,2021-03-29T18:32:50.000+0000,0051h0000064LyPAAU,2021-03-29T18:32:50.000+0000,0051h0000064LyPAAU,2021-03-29T18:32:50.000+0000,,2021-03-29T18:32:51.000+0000,2021-03-29T18:32:51.000+0000,,,,,,,,,,,,,,,,,https://www.gov.uk/government/publications/greenhouse-gas-reporting-conversion-factors-2018,,,0,,,,,,,,,,2018,,,,,,0,,,,,1030,,,,,0,,,,,,,,,,,,,,,,0,,,,,,,,,,,,,,,,0,,,,,HFC-245fa,,,,,,,,,,,0,,,,,,,,,,,,,,,
a091h000004KQLnAAO,0051h0000064LyPAAU,,HFC-32 - 2018 revision,0121h000001lj5TAAQ,2021-03-29T18:32:50.000+0000,0051h0000064LyPAAU,2021-03-29T18:32:50.000+0000,0051h0000064LyPAAU,2021-03-29T18:32:50.000+0000,,2021-03-29T18:32:51.000+0000,2021-03-29T18:32:51.000+0000,,,,,,,,,,,,,,,,,https://www.gov.uk/government/publications/greenhouse-gas-reporting-conversion-factors-2018,,,0,,,,,,,,,,2018,,,,,,0,,,,,675,,,,,0,,,,,,,,,,,,,,,,0,,,,,,,,,,,,,,,,0,,,,,HFC-32,,,,,,,,,,,0,,,,,,,,,,,,,,,
a091h000004KQLoAAO,0051h0000064LyPAAU,,HFC-365mfc - 2018 revision,0121h000001lj5TAAQ,2021-03-29T18:32:50.000+0000,0051h0000064LyPAAU,2021-03-29T18:32:50.000+0000,0051h0000064LyPAAU,2021-03-29T18:32:50.000+0000,,2021-03-29T18:32:51.000+0000,2021-03-29T18:32:51.000+0000,,,,,,,,,,,,,,,,,https://www.gov.uk/government/publications/greenhouse-gas-reporting-conversion-factors-2018,,,0,,,,,,,,,,2018,,,,,,0,,,,,794,,,,,0,,,,,,,,,,,,,,,,0,,,,,,,,,,,,,,,,0,,,,,HFC-365mfc,,,,,,,,,,,0,,,,,,,,,,,,,,,
a091h000004KQLpAAO,0051h0000064LyPAAU,,HFC-41 - 2018 revision,0121h000001lj5TAAQ,2021-03-29T18:32:50.000+0000,0051h0000064LyPAAU,2021-03-29T18:32:50.000+0000,0051h0000064LyPAAU,2021-03-29T18:32:50.000+0000,,2021-03-29T18:32:51.000+0000,2021-03-29T18:32:51.000+0000,,,,,,,,,,,,,,,,,https://www.gov.uk/government/publications/greenhouse-gas-reporting-conversion-factors-2018,,,0,,,,,,,,,,2018,,,,,,0,,,,,92,,,,,0,,,,,,,,,,,,,,,,0,,,,,,,,,,,,,,,,0,,,,,HFC-41,,,,,,,,,,,0,,,,,,,,,,,,,,,
a091h000004KQLqAAO,0051h0000064LyPAAU,,HFC-43-I0mee - 2018 revision,0121h000001lj5TAAQ,2021-03-29T18:32:50.000+0000,0051h0000064LyPAAU,2021-03-29T18:32:50.000+0000,0051h0000064LyPAAU,2021-03-29T18:32:50.000+0000,,2021-03-29T18:32:51.000+0000,2021-03-29T18:32:51.000+0000,,,,,,,,,,,,,,,,,https://www.gov.uk/government/publications/greenhouse-gas-reporting-conversion-factors-2018,,,0,,,,,,,,,,2018,,,,,,0,,,,,1640,,,,,0,,,,,,,,,,,,,,,,0,,,,,,,,,,,,,,,,0,,,,,HFC-43-I0mee,,,,,,,,,,,0,,,,,,,,,,,,,,,
a091h000004KQLrAAO,0051h0000064LyPAAU,,HFE-125 - 2018 revision,0121h000001lj5TAAQ,2021-03-29T18:32:50.000+0000,0051h0000064LyPAAU,2021-03-29T18:32:50.000+0000,0051h0000064LyPAAU,2021-03-29T18:32:50.000+0000,,2021-03-29T18:32:51.000+0000,2021-03-29T18:32:51.000+0000,,,,,,,,,,,,,,,,,https://www.gov.uk/government/publications/greenhouse-gas-reporting-conversion-factors-2018,,,0,,,,,,,,,,2018,,,,,,0,,,,,14900,,,,,0,,,,,,,,,,,,,,,,0,,,,,,,,,,,,,,,,0,,,,,HFE-125,,,,,,,,,,,0,,,,,,,,,,,,,,,
a091h000004KQLsAAO,0051h0000064LyPAAU,,HFE-134 - 2018 revision,0121h000001lj5TAAQ,2021-03-29T18:32:50.000+0000,0051h0000064LyPAAU,2021-03-29T18:32:50.000+0000,0051h0000064LyPAAU,2021-03-29T18:32:50.000+0000,,2021-03-29T18:32:51.000+0000,2021-03-29T18:32:51.000+0000,,,,,,,,,,,,,,,,,https://www.gov.uk/government/publications/greenhouse-gas-reporting-conversion-factors-2018,,,0,,,,,,,,,,2018,,,,,,0,,,,,6320,,,,,0,,,,,,,,,,,,,,,,0,,,,,,,,,,,,,,,,0,,,,,HFE-134,,,,,,,,,,,0,,,,,,,,,,,,,,,
a091h000004KQLtAAO,0051h0000064LyPAAU,,HFE-143a - 2018 revision,0121h000001lj5TAAQ,2021-03-29T18:32:50.000+0000,0051h0000064LyPAAU,2021-03-29T18:32:50.000+0000,0051h0000064LyPAAU,2021-03-29T18:32:50.000+0000,,2021-03-29T18:32:51.000+0000,2021-03-29T18:32:51.000+0000,,,,,,,,,,,,,,,,,https://www.gov.uk/government/publications/greenhouse-gas-reporting-conversion-factors-2018,,,0,,,,,,,,,,2018,,,,,,0,,,,,756,,,,,0,,,,,,,,,,,,,,,,0,,,,,,,,,,,,,,,,0,,,,,HFE-143a,,,,,,,,,,,0,,,,,,,,,,,,,,,
a091h000004KQLuAAO,0051h0000064LyPAAU,,HFE-236ca12 (HG-10) - 2018 revision,0121h000001lj5TAAQ,2021-03-29T18:32:50.000+0000,0051h0000064LyPAAU,2021-03-29T18:32:50.000+0000,0051h0000064LyPAAU,2021-03-29T18:32:50.000+0000,,2021-03-29T18:32:51.000+0000,2021-03-29T18:32:51.000+0000,,,,,,,,,,,,,,,,,https://www.gov.uk/government/publications/greenhouse-gas-reporting-conversion-factors-2018,,,0,,,,,,,,,,2018,,,,,,0,,,,,2800,,,,,0,,,,,,,,,,,,,,,,0,,,,,,,,,,,,,,,,0,,,,,HFE-236ca12 (HG-10),,,,,,,,,,,0,,,,,,,,,,,,,,,
a091h000004KQLvAAO,0051h0000064LyPAAU,,HFE-245cb2 - 2018 revision,0121h000001lj5TAAQ,2021-03-29T18:32:50.000+0000,0051h0000064LyPAAU,2021-03-29T18:32:50.000+0000,0051h0000064LyPAAU,2021-03-29T18:32:50.000+0000,,2021-03-29T18:32:51.000+0000,2021-03-29T18:32:51.000+0000,,,,,,,,,,,,,,,,,https://www.gov.uk/government/publications/greenhouse-gas-reporting-conversion-factors-2018,,,0,,,,,,,,,,2018,,,,,,0,,,,,708,,,,,0,,,,,,,,,,,,,,,,0,,,,,,,,,,,,,,,,0,,,,,HFE-245cb2,,,,,,,,,,,0,,,,,,,,,,,,,,,
a091h000004KQLwAAO,0051h0000064LyPAAU,,HFE-245fa2 - 2018 revision,0121h000001lj5TAAQ,2021-03-29T18:32:50.000+0000,0051h0000064LyPAAU,2021-03-29T18:32:50.000+0000,0051h0000064LyPAAU,2021-03-29T18:32:50.000+0000,,2021-03-29T18:32:51.000+0000,2021-03-29T18:32:51.000+0000,,,,,,,,,,,,,,,,,https://www.gov.uk/government/publications/greenhouse-gas-reporting-conversion-factors-2018,,,0,,,,,,,,,,2018,,,,,,0,,,,,659,,,,,0,,,,,,,,,,,,,,,,0,,,,,,,,,,,,,,,,0,,,,,HFE-245fa2,,,,,,,,,,,0,,,,,,,,,,,,,,,
a091h000004KQLxAAO,0051h0000064LyPAAU,,HFE-254cb2 - 2018 revision,0121h000001lj5TAAQ,2021-03-29T18:32:50.000+0000,0051h0000064LyPAAU,2021-03-29T18:32:50.000+0000,0051h0000064LyPAAU,2021-03-29T18:32:50.000+0000,,2021-03-29T18:32:51.000+0000,2021-03-29T18:32:51.000+0000,,,,,,,,,,,,,,,,,https://www.gov.uk/government/publications/greenhouse-gas-reporting-conversion-factors-2018,,,0,,,,,,,,,,2018,,,,,,0,,,,,359,,,,,0,,,,,,,,,,,,,,,,0,,,,,,,,,,,,,,,,0,,,,,HFE-254cb2,,,,,,,,,,,0,,,,,,,,,,,,,,,
a091h000004KQLyAAO,0051h0000064LyPAAU,,HFE-338pcc13 (HG-01) - 2018 revision,0121h000001lj5TAAQ,2021-03-29T18:32:50.000+0000,0051h0000064LyPAAU,2021-03-29T18:32:50.000+0000,0051h0000064LyPAAU,2021-03-29T18:32:50.000+0000,,2021-03-29T18:32:51.000+0000,2021-03-29T18:32:51.000+0000,,,,,,,,,,,,,,,,,https://www.gov.uk/government/publications/greenhouse-gas-reporting-conversion-factors-2018,,,0,,,,,,,,,,2018,,,,,,0,,,,,1500,,,,,0,,,,,,,,,,,,,,,,0,,,,,,,,,,,,,,,,0,,,,,HFE-338pcc13 (HG-01),,,,,,,,,,,0,,,,,,,,,,,,,,,
a091h000004KQLzAAO,0051h0000064LyPAAU,,HFE-347mcc3 - 2018 revision,0121h000001lj5TAAQ,2021-03-29T18:32:50.000+0000,0051h0000064LyPAAU,2021-03-29T18:32:50.000+0000,0051h0000064LyPAAU,2021-03-29T18:32:50.000+0000,,2021-03-29T18:32:51.000+0000,2021-03-29T18:32:51.000+0000,,,,,,,,,,,,,,,,,https://www.gov.uk/government/publications/greenhouse-gas-reporting-conversion-factors-2018,,,0,,,,,,,,,,2018,,,,,,0,,,,,575,,,,,0,,,,,,,,,,,,,,,,0,,,,,,,,,,,,,,,,0,,,,,HFE-347mcc3,,,,,,,,,,,0,,,,,,,,,,,,,,,
a091h000004KQM0AAO,0051h0000064LyPAAU,,HFE-347pcf2 - 2018 revision,0121h000001lj5TAAQ,2021-03-29T18:32:50.000+0000,0051h0000064LyPAAU,2021-03-29T18:32:50.000+0000,0051h0000064LyPAAU,2021-03-29T18:32:50.000+0000,,2021-03-29T18:32:51.000+0000,2021-03-29T18:32:51.000+0000,,,,,,,,,,,,,,,,,https://www.gov.uk/government/publications/greenhouse-gas-reporting-conversion-factors-2018,,,0,,,,,,,,,,2018,,,,,,0,,,,,580,,,,,0,,,,,,,,,,,,,,,,0,,,,,,,,,,,,,,,,0,,,,,HFE-347pcf2,,,,,,,,,,,0,,,,,,,,,,,,,,,
a091h000004KQM1AAO,0051h0000064LyPAAU,,HFE-356pcc3 - 2018 revision,0121h000001lj5TAAQ,2021-03-29T18:32:50.000+0000,0051h0000064LyPAAU,2021-03-29T18:32:50.000+0000,0051h0000064LyPAAU,2021-03-29T18:32:50.000+0000,,2021-03-29T18:32:51.000+0000,2021-03-29T18:32:51.000+0000,,,,,,,,,,,,,,,,,https://www.gov.uk/government/publications/greenhouse-gas-reporting-conversion-factors-2018,,,0,,,,,,,,,,2018,,,,,,0,,,,,110,,,,,0,,,,,,,,,,,,,,,,0,,,,,,,,,,,,,,,,0,,,,,HFE-356pcc3,,,,,,,,,,,0,,,,,,,,,,,,,,,
a091h000004KQM2AAO,0051h0000064LyPAAU,,HFE-43-10pccc124 (H-Galden1040x) - 2018 revision,0121h000001lj5TAAQ,2021-03-29T18:32:50.000+0000,0051h0000064LyPAAU,2021-03-29T18:32:50.000+0000,0051h0000064LyPAAU,2021-03-29T18:32:50.000+0000,,2021-03-29T18:32:51.000+0000,2021-03-29T18:32:51.000+0000,,,,,,,,,,,,,,,,,https://www.gov.uk/government/publications/greenhouse-gas-reporting-conversion-factors-2018,,,0,,,,,,,,,,2018,,,,,,0,,,,,1870,,,,,0,,,,,,,,,,,,,,,,0,,,,,,,,,,,,,,,,0,,,,,HFE-43-10pccc124 (H-Galden1040x),,,,,,,,,,,0,,,,,,,,,,,,,,,
a091h000004KQM3AAO,0051h0000064LyPAAU,,HFE-449sl (HFE-7100) - 2018 revision,0121h000001lj5TAAQ,2021-03-29T18:32:50.000+0000,0051h0000064LyPAAU,2021-03-29T18:32:50.000+0000,0051h0000064LyPAAU,2021-03-29T18:32:50.000+0000,,2021-03-29T18:32:51.000+0000,2021-03-29T18:32:51.000+0000,,,,,,,,,,,,,,,,,https://www.gov.uk/government/publications/greenhouse-gas-reporting-conversion-factors-2018,,,0,,,,,,,,,,2018,,,,,,0,,,,,297,,,,,0,,,,,,,,,,,,,,,,0,,,,,,,,,,,,,,,,0,,,,,HFE-449sl (HFE-7100),,,,,,,,,,,0,,,,,,,,,,,,,,,
a091h000004KQM4AAO,0051h0000064LyPAAU,,HFE-569sf2 (HFE-7200) - 2018 revision,0121h000001lj5TAAQ,2021-03-29T18:32:50.000+0000,0051h0000064LyPAAU,2021-03-29T18:32:50.000+0000,0051h0000064LyPAAU,2021-03-29T18:32:50.000+0000,,2021-03-29T18:32:51.000+0000,2021-03-29T18:32:51.000+0000,,,,,,,,,,,,,,,,,https://www.gov.uk/government/publications/greenhouse-gas-reporting-conversion-factors-2018,,,0,,,,,,,,,,2018,,,,,,0,,,,,59,,,,,0,,,,,,,,,,,,,,,,0,,,,,,,,,,,,,,,,0,,,,,HFE-569sf2 (HFE-7200),,,,,,,,,,,0,,,,,,,,,,,,,,,
a091h000004KQM5AAO,0051h0000064LyPAAU,,Methyl bromide - 2018 revision,0121h000001lj5TAAQ,2021-03-29T18:32:50.000+0000,0051h0000064LyPAAU,2021-03-29T18:32:50.000+0000,0051h0000064LyPAAU,2021-03-29T18:32:50.000+0000,,2021-03-29T18:32:51.000+0000,2021-03-29T18:32:51.000+0000,,,,,,,,,,,,,,,,,https://www.gov.uk/government/publications/greenhouse-gas-reporting-conversion-factors-2018,,,0,,,,,,,,,,2018,,,,,,0,,,,,5,,,,,0,,,,,,,,,,,,,,,,0,,,,,,,,,,,,,,,,0,,,,,Methyl bromide,,,,,,,,,,,0,,,,,,,,,,,,,,,
a091h000004KQM6AAO,0051h0000064LyPAAU,,Methyl chloride - 2018 revision,0121h000001lj5TAAQ,2021-03-29T18:32:50.000+0000,0051h0000064LyPAAU,2021-03-29T18:32:50.000+0000,0051h0000064LyPAAU,2021-03-29T18:32:50.000+0000,,2021-03-29T18:32:51.000+0000,2021-03-29T18:32:51.000+0000,,,,,,,,,,,,,,,,,https://www.gov.uk/government/publications/greenhouse-gas-reporting-conversion-factors-2018,,,0,,,,,,,,,,2018,,,,,,0,,,,,13,,,,,0,,,,,,,,,,,,,,,,0,,,,,,,,,,,,,,,,0,,,,,Methyl chloride,,,,,,,,,,,0,,,,,,,,,,,,,,,
a091h000004KQM7AAO,0051h0000064LyPAAU,,Methyl chloroform - 2018 revision,0121h000001lj5TAAQ,2021-03-29T18:32:50.000+0000,0051h0000064LyPAAU,2021-03-29T18:32:50.000+0000,0051h0000064LyPAAU,2021-03-29T18:32:50.000+0000,,2021-03-29T18:32:51.000+0000,2021-03-29T18:32:51.000+0000,,,,,,,,,,,,,,,,,https://www.gov.uk/government/publications/greenhouse-gas-reporting-conversion-factors-2018,,,0,,,,,,,,,,2018,,,,,,0,,,,,146,,,,,0,,,,,,,,,,,,,,,,0,,,,,,,,,,,,,,,,0,,,,,Methyl chloroform,,,,,,,,,,,0,,,,,,,,,,,,,,,
a091h000004KQM8AAO,0051h0000064LyPAAU,,Methylene chloride - 2018 revision,0121h000001lj5TAAQ,2021-03-29T18:32:50.000+0000,0051h0000064LyPAAU,2021-03-29T18:32:50.000+0000,0051h0000064LyPAAU,2021-03-29T18:32:50.000+0000,,2021-03-29T18:32:51.000+0000,2021-03-29T18:32:51.000+0000,,,,,,,,,,,,,,,,,https://www.gov.uk/government/publications/greenhouse-gas-reporting-conversion-factors-2018,,,0,,,,,,,,,,2018,,,,,,0,,,,,9,,,,,0,,,,,,,,,,,,,,,,0,,,,,,,,,,,,,,,,0,,,,,Methylene chloride,,,,,,,,,,,0,,,,,,,,,,,,,,,
a091h000004KQM9AAO,0051h0000064LyPAAU,,Nitrogen trifluoride - 2018 revision,0121h000001lj5TAAQ,2021-03-29T18:32:50.000+0000,0051h0000064LyPAAU,2021-03-29T18:32:50.000+0000,0051h0000064LyPAAU,2021-03-29T18:32:50.000+0000,,2021-03-29T18:32:51.000+0000,2021-03-29T18:32:51.000+0000,,,,,,,,,,,,,,,,,https://www.gov.uk/government/publications/greenhouse-gas-reporting-conversion-factors-2018,,,0,,,,,,,,,,2018,,,,,,0,,,,,17200,,,,,0,,,,,,,,,,,,,,,,0,,,,,,,,,,,,,,,,0,,,,,Nitrogen trifluoride,,,,,,,,,,,0,,,,,,,,,,,,,,,
a091h000004KQMAAA4,0051h0000064LyPAAU,,Perfluorobutane (PFC-3-1-10) - 2018 revision,0121h000001lj5TAAQ,2021-03-29T18:32:50.000+0000,0051h0000064LyPAAU,2021-03-29T18:32:50.000+0000,0051h0000064LyPAAU,2021-03-29T18:32:50.000+0000,,2021-03-29T18:32:51.000+0000,2021-03-29T18:32:51.000+0000,,,,,,,,,,,,,,,,,https://www.gov.uk/government/publications/greenhouse-gas-reporting-conversion-factors-2018,,,0,,,,,,,,,,2018,,,,,,0,,,,,8860,,,,,0,,,,,,,,,,,,,,,,0,,,,,,,,,,,,,,,,0,,,,,Perfluorobutane (PFC-3-1-10),,,,,,,,,,,0,,,,,,,,,,,,,,,
a091h000004KQMBAA4,0051h0000064LyPAAU,,Perfluorocyclobutane (PFC-318) - 2018 revision,0121h000001lj5TAAQ,2021-03-29T18:32:50.000+0000,0051h0000064LyPAAU,2021-03-29T18:32:50.000+0000,0051h0000064LyPAAU,2021-03-29T18:32:50.000+0000,,2021-03-29T18:32:51.000+0000,2021-03-29T18:32:51.000+0000,,,,,,,,,,,,,,,,,https://www.gov.uk/government/publications/greenhouse-gas-reporting-conversion-factors-2018,,,0,,,,,,,,,,2018,,,,,,0,,,,,10300,,,,,0,,,,,,,,,,,,,,,,0,,,,,,,,,,,,,,,,0,,,,,Perfluorocyclobutane (PFC-318),,,,,,,,,,,0,,,,,,,,,,,,,,,
a091h000004KQMCAA4,0051h0000064LyPAAU,,Perfluorocyclopropane - 2018 revision,0121h000001lj5TAAQ,2021-03-29T18:32:50.000+0000,0051h0000064LyPAAU,2021-03-29T18:32:50.000+0000,0051h0000064LyPAAU,2021-03-29T18:32:50.000+0000,,2021-03-29T18:32:51.000+0000,2021-03-29T18:32:51.000+0000,,,,,,,,,,,,,,,,,https://www.gov.uk/government/publications/greenhouse-gas-reporting-conversion-factors-2018,,,0,,,,,,,,,,2018,,,,,,0,,,,,17340,,,,,0,,,,,,,,,,,,,,,,0,,,,,,,,,,,,,,,,0,,,,,Perfluorocyclopropane,,,,,,,,,,,0,,,,,,,,,,,,,,,
a091h000004KQMDAA4,0051h0000064LyPAAU,,Perfluoroethane (PFC-116) - 2018 revision,0121h000001lj5TAAQ,2021-03-29T18:32:50.000+0000,0051h0000064LyPAAU,2021-03-29T18:32:50.000+0000,0051h0000064LyPAAU,2021-03-29T18:32:50.000+0000,,2021-03-29T18:32:51.000+0000,2021-03-29T18:32:51.000+0000,,,,,,,,,,,,,,,,,https://www.gov.uk/government/publications/greenhouse-gas-reporting-conversion-factors-2018,,,0,,,,,,,,,,2018,,,,,,0,,,,,12200,,,,,0,,,,,,,,,,,,,,,,0,,,,,,,,,,,,,,,,0,,,,,Perfluoroethane (PFC-116),,,,,,,,,,,0,,,,,,,,,,,,,,,
a091h000004KQMEAA4,0051h0000064LyPAAU,,Perfluorohexane (PFC-5-1-14) - 2018 revision,0121h000001lj5TAAQ,2021-03-29T18:32:50.000+0000,0051h0000064LyPAAU,2021-03-29T18:32:50.000+0000,0051h0000064LyPAAU,2021-03-29T18:32:50.000+0000,,2021-03-29T18:32:51.000+0000,2021-03-29T18:32:51.000+0000,,,,,,,,,,,,,,,,,https://www.gov.uk/government/publications/greenhouse-gas-reporting-conversion-factors-2018,,,0,,,,,,,,,,2018,,,,,,0,,,,,9300,,,,,0,,,,,,,,,,,,,,,,0,,,,,,,,,,,,,,,,0,,,,,Perfluorohexane (PFC-5-1-14),,,,,,,,,,,0,,,,,,,,,,,,,,,
a091h000004KQMFAA4,0051h0000064LyPAAU,,Perfluoromethane (PFC-14) - 2018 revision,0121h000001lj5TAAQ,2021-03-29T18:32:50.000+0000,0051h0000064LyPAAU,2021-03-29T18:32:50.000+0000,0051h0000064LyPAAU,2021-03-29T18:32:50.000+0000,,2021-03-29T18:32:51.000+0000,2021-03-29T18:32:51.000+0000,,,,,,,,,,,,,,,,,https://www.gov.uk/government/publications/greenhouse-gas-reporting-conversion-factors-2018,,,0,,,,,,,,,,2018,,,,,,0,,,,,7390,,,,,0,,,,,,,,,,,,,,,,0,,,,,,,,,,,,,,,,0,,,,,Perfluoromethane (PFC-14),,,,,,,,,,,0,,,,,,,,,,,,,,,
a091h000004KQMGAA4,0051h0000064LyPAAU,,Perfluoropentane (PFC-4-1-12) - 2018 revision,0121h000001lj5TAAQ,2021-03-29T18:32:50.000+0000,0051h0000064LyPAAU,2021-03-29T18:32:50.000+0000,0051h0000064LyPAAU,2021-03-29T18:32:50.000+0000,,2021-03-29T18:32:51.000+0000,2021-03-29T18:32:51.000+0000,,,,,,,,,,,,,,,,,https://www.gov.uk/government/publications/greenhouse-gas-reporting-conversion-factors-2018,,,0,,,,,,,,,,2018,,,,,,0,,,,,9160,,,,,0,,,,,,,,,,,,,,,,0,,,,,,,,,,,,,,,,0,,,,,Perfluoropentane (PFC-4-1-12),,,,,,,,,,,0,,,,,,,,,,,,,,,
a091h000004KQMHAA4,0051h0000064LyPAAU,,Perfluoropropane (PFC-218) - 2018 revision,0121h000001lj5TAAQ,2021-03-29T18:32:50.000+0000,0051h0000064LyPAAU,2021-03-29T18:32:50.000+0000,0051h0000064LyPAAU,2021-03-29T18:32:50.000+0000,,2021-03-29T18:32:51.000+0000,2021-03-29T18:32:51.000+0000,,,,,,,,,,,,,,,,,https://www.gov.uk/government/publications/greenhouse-gas-reporting-conversion-factors-2018,,,0,,,,,,,,,,2018,,,,,,0,,,,,8830,,,,,0,,,,,,,,,,,,,,,,0,,,,,,,,,,,,,,,,0,,,,,Perfluoropropane (PFC-218),,,,,,,,,,,0,,,,,,,,,,,,,,,
a091h000004KQMIAA4,0051h0000064LyPAAU,,PFC-9-1-18 - 2018 revision,0121h000001lj5TAAQ,2021-03-29T18:32:50.000+0000,0051h0000064LyPAAU,2021-03-29T18:32:50.000+0000,0051h0000064LyPAAU,2021-03-29T18:32:50.000+0000,,2021-03-29T18:32:51.000+0000,2021-03-29T18:32:51.000+0000,,,,,,,,,,,,,,,,,https://www.gov.uk/government/publications/greenhouse-gas-reporting-conversion-factors-2018,,,0,,,,,,,,,,2018,,,,,,0,,,,,7500,,,,,0,,,,,,,,,,,,,,,,0,,,,,,,,,,,,,,,,0,,,,,PFC-9-1-18,,,,,,,,,,,0,,,,,,,,,,,,,,,
a091h000004KQMJAA4,0051h0000064LyPAAU,,PFPMIE - 2018 revision,0121h000001lj5TAAQ,2021-03-29T18:32:50.000+0000,0051h0000064LyPAAU,2021-03-29T18:32:50.000+0000,0051h0000064LyPAAU,2021-03-29T18:32:50.000+0000,,2021-03-29T18:32:51.000+0000,2021-03-29T18:32:51.000+0000,,,,,,,,,,,,,,,,,https://www.gov.uk/government/publications/greenhouse-gas-reporting-conversion-factors-2018,,,0,,,,,,,,,,2018,,,,,,0,,,,,10300,,,,,0,,,,,,,,,,,,,,,,0,,,,,,,,,,,,,,,,0,,,,,PFPMIE,,,,,,,,,,,0,,,,,,,,,,,,,,,
a091h000004KQMKAA4,0051h0000064LyPAAU,,R-407C - 2018 revision,0121h000001lj5TAAQ,2021-03-29T18:32:50.000+0000,0051h0000064LyPAAU,2021-03-29T18:32:50.000+0000,0051h0000064LyPAAU,2021-03-29T18:32:50.000+0000,,2021-03-29T18:32:51.000+0000,2021-03-29T18:32:51.000+0000,,,,,,,,,,,,,,,,,https://www.gov.uk/government/publications/greenhouse-gas-reporting-conversion-factors-2018,,,0,,,,,,,,,,2018,,,,,,0,,,,,1774,,,,,0,,,,,,,,,,,,,,,,0,,,,,,,,,,,,,,,,0,,,,,R-407C,,,,,,,,,,,0,,,,,,,,,,,,,,,
a091h000004KQMLAA4,0051h0000064LyPAAU,,R-410A - 2018 revision,0121h000001lj5TAAQ,2021-03-29T18:32:50.000+0000,0051h0000064LyPAAU,2021-03-29T18:32:50.000+0000,0051h0000064LyPAAU,2021-03-29T18:32:50.000+0000,,2021-03-29T18:32:51.000+0000,2021-03-29T18:32:51.000+0000,,,,,,,,,,,,,,,,,https://www.gov.uk/government/publications/greenhouse-gas-reporting-conversion-factors-2018,,,0,,,,,,,,,,2018,,,,,,0,,,,,2088,,,,,0,,,,,,,,,,,,,,,,0,,,,,,,,,,,,,,,,0,,,,,R-410A,,,,,,,,,,,0,,,,,,,,,,,,,,,
a091h000004KQMMAA4,0051h0000064LyPAAU,,R-422D - 2018 revision,0121h000001lj5TAAQ,2021-03-29T18:32:50.000+0000,0051h0000064LyPAAU,2021-03-29T18:32:50.000+0000,0051h0000064LyPAAU,2021-03-29T18:32:50.000+0000,,2021-03-29T18:32:51.000+0000,2021-03-29T18:32:51.000+0000,,,,,,,,,,,,,,,,,https://www.gov.uk/government/publications/greenhouse-gas-reporting-conversion-factors-2018,,,0,,,,,,,,,,2018,,,,,,0,,,,,2729,,,,,0,,,,,,,,,,,,,,,,0,,,,,,,,,,,,,,,,0,,,,,R-422D,,,,,,,,,,,0,,,,,,,,,,,,,,,
a091h000004KQMNAA4,0051h0000064LyPAAU,,R1234yf - 2018 revision,0121h000001lj5TAAQ,2021-03-29T18:32:50.000+0000,0051h0000064LyPAAU,2021-03-29T18:32:50.000+0000,0051h0000064LyPAAU,2021-03-29T18:32:50.000+0000,,2021-03-29T18:32:51.000+0000,2021-03-29T18:32:51.000+0000,,,,,,,,,,,,,,,,,https://www.gov.uk/government/publications/greenhouse-gas-reporting-conversion-factors-2018,,,0,,,,,,,,,,2018,,,,,,0,,,,,1,,,,,0,,,,,,,,,,,,,,,,0,,,,,,,,,,,,,,,,0,,,,,R1234yf,,,,,,,,,,,0,,,,,,,,,,,,,,,
a091h000004KQMOAA4,0051h0000064LyPAAU,,R1234ze - 2018 revision,0121h000001lj5TAAQ,2021-03-29T18:32:50.000+0000,0051h0000064LyPAAU,2021-03-29T18:32:50.000+0000,0051h0000064LyPAAU,2021-03-29T18:32:50.000+0000,,2021-03-29T18:32:51.000+0000,2021-03-29T18:32:51.000+0000,,,,,,,,,,,,,,,,,https://www.gov.uk/government/publications/greenhouse-gas-reporting-conversion-factors-2018,,,0,,,,,,,,,,2018,,,,,,0,,,,,1,,,,,0,,,,,,,,,,,,,,,,0,,,,,,,,,,,,,,,,0,,,,,R1234ze,,,,,,,,,,,0,,,,,,,,,,,,,,,
a091h000004KQMPAA4,0051h0000064LyPAAU,,R134a - 2018 revision,0121h000001lj5TAAQ,2021-03-29T18:32:50.000+0000,0051h0000064LyPAAU,2021-03-29T18:32:50.000+0000,0051h0000064LyPAAU,2021-03-29T18:32:50.000+0000,,2021-03-29T18:32:51.000+0000,2021-03-29T18:32:51.000+0000,,,,,,,,,,,,,,,,,https://www.gov.uk/government/publications/greenhouse-gas-reporting-conversion-factors-2018,,,0,,,,,,,,,,2018,,,,,,0,,,,,1430,,,,,0,,,,,,,,,,,,,,,,0,,,,,,,,,,,,,,,,0,,,,,R134a,,,,,,,,,,,0,,,,,,,,,,,,,,,
a091h000004KQMQAA4,0051h0000064LyPAAU,,R290 (propane) - 2018 revision,0121h000001lj5TAAQ,2021-03-29T18:32:50.000+0000,0051h0000064LyPAAU,2021-03-29T18:32:50.000+0000,0051h0000064LyPAAU,2021-03-29T18:32:50.000+0000,,2021-03-29T18:32:51.000+0000,2021-03-29T18:32:51.000+0000,,,,,,,,,,,,,,,,,https://www.gov.uk/government/publications/greenhouse-gas-reporting-conversion-factors-2018,,,0,,,,,,,,,,2018,,,,,,0,,,,,3,,,,,0,,,,,,,,,,,,,,,,0,,,,,,,,,,,,,,,,0,,,,,R290 (propane),,,,,,,,,,,0,,,,,,,,,,,,,,,
a091h000004KQMRAA4,0051h0000064LyPAAU,,R403A - 2018 revision,0121h000001lj5TAAQ,2021-03-29T18:32:50.000+0000,0051h0000064LyPAAU,2021-03-29T18:32:50.000+0000,0051h0000064LyPAAU,2021-03-29T18:32:50.000+0000,,2021-03-29T18:32:51.000+0000,2021-03-29T18:32:51.000+0000,,,,,,,,,,,,,,,,,https://www.gov.uk/government/publications/greenhouse-gas-reporting-conversion-factors-2018,,,0,,,,,,,,,,2018,,,,,,0,,,,,3124,,,,,0,,,,,,,,,,,,,,,,0,,,,,,,,,,,,,,,,0,,,,,R403A,,,,,,,,,,,0,,,,,,,,,,,,,,,
a091h000004KQMSAA4,0051h0000064LyPAAU,,R404A - 2018 revision,0121h000001lj5TAAQ,2021-03-29T18:32:50.000+0000,0051h0000064LyPAAU,2021-03-29T18:32:50.000+0000,0051h0000064LyPAAU,2021-03-29T18:32:50.000+0000,,2021-03-29T18:32:51.000+0000,2021-03-29T18:32:51.000+0000,,,,,,,,,,,,,,,,,https://www.gov.uk/government/publications/greenhouse-gas-reporting-conversion-factors-2018,,,0,,,,,,,,,,2018,,,,,,0,,,,,3922,,,,,0,,,,,,,,,,,,,,,,0,,,,,,,,,,,,,,,,0,,,,,R404A,,,,,,,,,,,0,,,,,,,,,,,,,,,
a091h000004KQMTAA4,0051h0000064LyPAAU,,R406A - 2018 revision,0121h000001lj5TAAQ,2021-03-29T18:32:50.000+0000,0051h0000064LyPAAU,2021-03-29T18:32:50.000+0000,0051h0000064LyPAAU,2021-03-29T18:32:50.000+0000,,2021-03-29T18:32:51.000+0000,2021-03-29T18:32:51.000+0000,,,,,,,,,,,,,,,,,https://www.gov.uk/government/publications/greenhouse-gas-reporting-conversion-factors-2018,,,0,,,,,,,,,,2018,,,,,,0,,,,,1943,,,,,0,,,,,,,,,,,,,,,,0,,,,,,,,,,,,,,,,0,,,,,R406A,,,,,,,,,,,0,,,,,,,,,,,,,,,
a091h000004KQMUAA4,0051h0000064LyPAAU,,R407A - 2018 revision,0121h000001lj5TAAQ,2021-03-29T18:32:50.000+0000,0051h0000064LyPAAU,2021-03-29T18:32:50.000+0000,0051h0000064LyPAAU,2021-03-29T18:32:50.000+0000,,2021-03-29T18:32:51.000+0000,2021-03-29T18:32:51.000+0000,,,,,,,,,,,,,,,,,https://www.gov.uk/government/publications/greenhouse-gas-reporting-conversion-factors-2018,,,0,,,,,,,,,,2018,,,,,,0,,,,,2107,,,,,0,,,,,,,,,,,,,,,,0,,,,,,,,,,,,,,,,0,,,,,R407A,,,,,,,,,,,0,,,,,,,,,,,,,,,
a091h000004KQMVAA4,0051h0000064LyPAAU,,R407F - 2018 revision,0121h000001lj5TAAQ,2021-03-29T18:32:50.000+0000,0051h0000064LyPAAU,2021-03-29T18:32:50.000+0000,0051h0000064LyPAAU,2021-03-29T18:32:50.000+0000,,2021-03-29T18:32:51.000+0000,2021-03-29T18:32:51.000+0000,,,,,,,,,,,,,,,,,https://www.gov.uk/government/publications/greenhouse-gas-reporting-conversion-factors-2018,,,0,,,,,,,,,,2018,,,,,,0,,,,,1825,,,,,0,,,,,,,,,,,,,,,,0,,,,,,,,,,,,,,,,0,,,,,R407F,,,,,,,,,,,0,,,,,,,,,,,,,,,
a091h000004KQMWAA4,0051h0000064LyPAAU,,R408A - 2018 revision,0121h000001lj5TAAQ,2021-03-29T18:32:50.000+0000,0051h0000064LyPAAU,2021-03-29T18:32:50.000+0000,0051h0000064LyPAAU,2021-03-29T18:32:50.000+0000,,2021-03-29T18:32:51.000+0000,2021-03-29T18:32:51.000+0000,,,,,,,,,,,,,,,,,https://www.gov.uk/government/publications/greenhouse-gas-reporting-conversion-factors-2018,,,0,,,,,,,,,,2018,,,,,,0,,,,,3152,,,,,0,,,,,,,,,,,,,,,,0,,,,,,,,,,,,,,,,0,,,,,R408A,,,,,,,,,,,0,,,,,,,,,,,,,,,
a091h000004KQMXAA4,0051h0000064LyPAAU,,R409A - 2018 revision,0121h000001lj5TAAQ,2021-03-29T18:32:50.000+0000,0051h0000064LyPAAU,2021-03-29T18:32:50.000+0000,0051h0000064LyPAAU,2021-03-29T18:32:50.000+0000,,2021-03-29T18:32:51.000+0000,2021-03-29T18:32:51.000+0000,,,,,,,,,,,,,,,,,https://www.gov.uk/government/publications/greenhouse-gas-reporting-conversion-factors-2018,,,0,,,,,,,,,,2018,,,,,,0,,,,,1585,,,,,0,,,,,,,,,,,,,,,,0,,,,,,,,,,,,,,,,0,,,,,R409A,,,,,,,,,,,0,,,,,,,,,,,,,,,
a091h000004KQMYAA4,0051h0000064LyPAAU,,R502 - 2018 revision,0121h000001lj5TAAQ,2021-03-29T18:32:50.000+0000,0051h0000064LyPAAU,2021-03-29T18:32:50.000+0000,0051h0000064LyPAAU,2021-03-29T18:32:50.000+0000,,2021-03-29T18:32:51.000+0000,2021-03-29T18:32:51.000+0000,,,,,,,,,,,,,,,,,https://www.gov.uk/government/publications/greenhouse-gas-reporting-conversion-factors-2018,,,0,,,,,,,,,,2018,,,,,,0,,,,,4657,,,,,0,,,,,,,,,,,,,,,,0,,,,,,,,,,,,,,,,0,,,,,R502,,,,,,,,,,,0,,,,,,,,,,,,,,,
a091h000004KQMZAA4,0051h0000064LyPAAU,,R507A - 2018 revision,0121h000001lj5TAAQ,2021-03-29T18:32:50.000+0000,0051h0000064LyPAAU,2021-03-29T18:32:50.000+0000,0051h0000064LyPAAU,2021-03-29T18:32:50.000+0000,,2021-03-29T18:32:51.000+0000,2021-03-29T18:32:51.000+0000,,,,,,,,,,,,,,,,,https://www.gov.uk/government/publications/greenhouse-gas-reporting-conversion-factors-2018,,,0,,,,,,,,,,2018,,,,,,0,,,,,3985,,,,,0,,,,,,,,,,,,,,,,0,,,,,,,,,,,,,,,,0,,,,,R507A,,,,,,,,,,,0,,,,,,,,,,,,,,,
a091h000004KQMaAAO,0051h0000064LyPAAU,,R508B - 2018 revision,0121h000001lj5TAAQ,2021-03-29T18:32:50.000+0000,0051h0000064LyPAAU,2021-03-29T18:32:50.000+0000,0051h0000064LyPAAU,2021-03-29T18:32:50.000+0000,,2021-03-29T18:32:51.000+0000,2021-03-29T18:32:51.000+0000,,,,,,,,,,,,,,,,,https://www.gov.uk/government/publications/greenhouse-gas-reporting-conversion-factors-2018,,,0,,,,,,,,,,2018,,,,,,0,,,,,13396,,,,,0,,,,,,,,,,,,,,,,0,,,,,,,,,,,,,,,,0,,,,,R508B,,,,,,,,,,,0,,,,,,,,,,,,,,,
a091h000004KQMbAAO,0051h0000064LyPAAU,,R600A (isobutane) - 2018 revision,0121h000001lj5TAAQ,2021-03-29T18:32:50.000+0000,0051h0000064LyPAAU,2021-03-29T18:32:50.000+0000,0051h0000064LyPAAU,2021-03-29T18:32:50.000+0000,,2021-03-29T18:32:51.000+0000,2021-03-29T18:32:51.000+0000,,,,,,,,,,,,,,,,,https://www.gov.uk/government/publications/greenhouse-gas-reporting-conversion-factors-2018,,,0,,,,,,,,,,2018,,,,,,0,,,,,3,,,,,0,,,,,,,,,,,,,,,,0,,,,,,,,,,,,,,,,0,,,,,R600A (isobutane),,,,,,,,,,,0,,,,,,,,,,,,,,,
a091h000004KQMcAAO,0051h0000064LyPAAU,,Sulphur hexafluoride (SF6) - 2018 revision,0121h000001lj5TAAQ,2021-03-29T18:32:50.000+0000,0051h0000064LyPAAU,2021-03-29T18:32:50.000+0000,0051h0000064LyPAAU,2021-03-29T18:32:50.000+0000,,2021-03-29T18:32:51.000+0000,2021-03-29T18:32:51.000+0000,,,,,,,,,,,,,,,,,https://www.gov.uk/government/publications/greenhouse-gas-reporting-conversion-factors-2018,,,0,,,,,,,,,,2018,,,,,,0,,,,,22800,,,,,0,,,,,,,,,,,,,,,,0,,,,,,,,,,,,,,,,0,,,,,Sulphur hexafluoride (SF6),,,,,,,,,,,0,,,,,,,,,,,,,,,
a091h000004KQMdAAO,0051h0000064LyPAAU,,Trifluoromethyl sulphur pentafluoride - 2018 revision,0121h000001lj5TAAQ,2021-03-29T18:32:50.000+0000,0051h0000064LyPAAU,2021-03-29T18:32:50.000+0000,0051h0000064LyPAAU,2021-03-29T18:32:50.000+0000,,2021-03-29T18:32:51.000+0000,2021-03-29T18:32:51.000+0000,,,,,,,,,,,,,,,,,https://www.gov.uk/government/publications/greenhouse-gas-reporting-conversion-factors-2018,,,0,,,,,,,,,,2018,,,,,,0,,,,,17700,,,,,0,,,,,,,,,,,,,,,,0,,,,,,,,,,,,,,,,0,,,,,Trifluoromethyl sulphur pentafluoride,,,,,,,,,,,0,,,,,,,,,,,,,,,
a091h000004KQJdAAO,0051h0000064MckAAE,,Energy Intensity Reference Data,0121h000001lj5QAAQ,2021-03-29T18:30:15.000+0000,0051h0000064MckAAE,2021-03-29T18:30:15.000+0000,0051h0000064MckAAE,2021-03-29T18:30:15.000+0000,,,,,,,,,,,,,,,,,,,,https://www.eia.gov/consumption/commercial/data/2012/index.php?view=consumption,,,0,,,,15.4,12.2,15.2,15.1,13.9,15.4,2019,,,,,,0,,,,,,,,,,0,17.8,12.6,14.3,15.3,12.1,13.2,82.8,,,,16.2,10.9,16.2,,,0,,,14.9,10.6,11.6,,17.3,12,13.2,93.9,17,10.9,13.8,,,0,,,,,,16.6,15,19,17,14.8,17.5,74.9,,,,0,,,16.8,10.9,15,12.1,10.5,14.4,18.5,14.8,16.6,74.7,,,
a091h000004KQK4AAO,0051h0000064MckAAE,,HFC-152 - 2018 revision,0121h000001lj5TAAQ,2021-03-29T18:30:16.000+0000,0051h0000064MckAAE,2021-03-29T18:30:16.000+0000,0051h0000064MckAAE,2021-03-29T18:30:16.000+0000,,,,,,,,,,,,,,,,,,,,https://www.gov.uk/government/publications/greenhouse-gas-reporting-conversion-factors-2018,,,0,,,,,,,,,,2018,,,,,,0,,,,,53,,,,,0,,,,,,,,,,,,,,,,0,,,,,,,,,,,,,,,,0,,,,,HFC-152,,,,,,,,,,,0,,,,,,,,,,,,,,,
a091h000004KQK5AAO,0051h0000064MckAAE,,HFC-152a - 2018 revision,0121h000001lj5TAAQ,2021-03-29T18:30:16.000+0000,0051h0000064MckAAE,2021-03-29T18:30:16.000+0000,0051h0000064MckAAE,2021-03-29T18:30:16.000+0000,,,,,,,,,,,,,,,,,,,,https://www.gov.uk/government/publications/greenhouse-gas-reporting-conversion-factors-2018,,,0,,,,,,,,,,2018,,,,,,0,,,,,124,,,,,0,,,,,,,,,,,,,,,,0,,,,,,,,,,,,,,,,0,,,,,HFC-152a,,,,,,,,,,,0,,,,,,,,,,,,,,,
a091h000004KQK6AAO,0051h0000064MckAAE,,HFC-161 - 2018 revision,0121h000001lj5TAAQ,2021-03-29T18:30:16.000+0000,0051h0000064MckAAE,2021-03-29T18:30:16.000+0000,0051h0000064MckAAE,2021-03-29T18:30:16.000+0000,,,,,,,,,,,,,,,,,,,,https://www.gov.uk/government/publications/greenhouse-gas-reporting-conversion-factors-2018,,,0,,,,,,,,,,2018,,,,,,0,,,,,12,,,,,0,,,,,,,,,,,,,,,,0,,,,,,,,,,,,,,,,0,,,,,HFC-161,,,,,,,,,,,0,,,,,,,,,,,,,,,
a091h000004KQK7AAO,0051h0000064MckAAE,,HFC-227ea - 2018 revision,0121h000001lj5TAAQ,2021-03-29T18:30:16.000+0000,0051h0000064MckAAE,2021-03-29T18:30:16.000+0000,0051h0000064MckAAE,2021-03-29T18:30:16.000+0000,,,,,,,,,,,,,,,,,,,,https://www.gov.uk/government/publications/greenhouse-gas-reporting-conversion-factors-2018,,,0,,,,,,,,,,2018,,,,,,0,,,,,3220,,,,,0,,,,,,,,,,,,,,,,0,,,,,,,,,,,,,,,,0,,,,,HFC-227ea,,,,,,,,,,,0,,,,,,,,,,,,,,,
a091h000004KQK8AAO,0051h0000064MckAAE,,HFC-23 - 2018 revision,0121h000001lj5TAAQ,2021-03-29T18:30:16.000+0000,0051h0000064MckAAE,2021-03-29T18:30:16.000+0000,0051h0000064MckAAE,2021-03-29T18:30:16.000+0000,,,,,,,,,,,,,,,,,,,,https://www.gov.uk/government/publications/greenhouse-gas-reporting-conversion-factors-2018,,,0,,,,,,,,,,2018,,,,,,0,,,,,14800,,,,,0,,,,,,,,,,,,,,,,0,,,,,,,,,,,,,,,,0,,,,,HFC-23,,,,,,,,,,,0,,,,,,,,,,,,,,,
a091h000004KQK9AAO,0051h0000064MckAAE,,HFC-236cb - 2018 revision,0121h000001lj5TAAQ,2021-03-29T18:30:16.000+0000,0051h0000064MckAAE,2021-03-29T18:30:16.000+0000,0051h0000064MckAAE,2021-03-29T18:30:16.000+0000,,,,,,,,,,,,,,,,,,,,https://www.gov.uk/government/publications/greenhouse-gas-reporting-conversion-factors-2018,,,0,,,,,,,,,,2018,,,,,,0,,,,,1340,,,,,0,,,,,,,,,,,,,,,,0,,,,,,,,,,,,,,,,0,,,,,HFC-236cb,,,,,,,,,,,0,,,,,,,,,,,,,,,
a091h000004KQKAAA4,0051h0000064MckAAE,,HFC-236ea - 2018 revision,0121h000001lj5TAAQ,2021-03-29T18:30:16.000+0000,0051h0000064MckAAE,2021-03-29T18:30:16.000+0000,0051h0000064MckAAE,2021-03-29T18:30:16.000+0000,,,,,,,,,,,,,,,,,,,,https://www.gov.uk/government/publications/greenhouse-gas-reporting-conversion-factors-2018,,,0,,,,,,,,,,2018,,,,,,0,,,,,1370,,,,,0,,,,,,,,,,,,,,,,0,,,,,,,,,,,,,,,,0,,,,,HFC-236ea,,,,,,,,,,,0,,,,,,,,,,,,,,,
a091h000004KQKBAA4,0051h0000064MckAAE,,HFC-236fa - 2018 revision,0121h000001lj5TAAQ,2021-03-29T18:30:16.000+0000,0051h0000064MckAAE,2021-03-29T18:30:16.000+0000,0051h0000064MckAAE,2021-03-29T18:30:16.000+0000,,,,,,,,,,,,,,,,,,,,https://www.gov.uk/government/publications/greenhouse-gas-reporting-conversion-factors-2018,,,0,,,,,,,,,,2018,,,,,,0,,,,,9810,,,,,0,,,,,,,,,,,,,,,,0,,,,,,,,,,,,,,,,0,,,,,HFC-236fa,,,,,,,,,,,0,,,,,,,,,,,,,,,
a091h000004KQKCAA4,0051h0000064MckAAE,,HFC-245ca - 2018 revision,0121h000001lj5TAAQ,2021-03-29T18:30:16.000+0000,0051h0000064MckAAE,2021-03-29T18:30:16.000+0000,0051h0000064MckAAE,2021-03-29T18:30:16.000+0000,,,,,,,,,,,,,,,,,,,,https://www.gov.uk/government/publications/greenhouse-gas-reporting-conversion-factors-2018,,,0,,,,,,,,,,2018,,,,,,0,,,,,693,,,,,0,,,,,,,,,,,,,,,,0,,,,,,,,,,,,,,,,0,,,,,HFC-245ca,,,,,,,,,,,0,,,,,,,,,,,,,,,
a091h000004KQKDAA4,0051h0000064MckAAE,,HFC-245fa - 2018 revision,0121h000001lj5TAAQ,2021-03-29T18:30:16.000+0000,0051h0000064MckAAE,2021-03-29T18:30:16.000+0000,0051h0000064MckAAE,2021-03-29T18:30:16.000+0000,,,,,,,,,,,,,,,,,,,,https://www.gov.uk/government/publications/greenhouse-gas-reporting-conversion-factors-2018,,,0,,,,,,,,,,2018,,,,,,0,,,,,1030,,,,,0,,,,,,,,,,,,,,,,0,,,,,,,,,,,,,,,,0,,,,,HFC-245fa,,,,,,,,,,,0,,,,,,,,,,,,,,,
a091h000004KQKEAA4,0051h0000064MckAAE,,HFC-32 - 2018 revision,0121h000001lj5TAAQ,2021-03-29T18:30:16.000+0000,0051h0000064MckAAE,2021-03-29T18:30:16.000+0000,0051h0000064MckAAE,2021-03-29T18:30:16.000+0000,,,,,,,,,,,,,,,,,,,,https://www.gov.uk/government/publications/greenhouse-gas-reporting-conversion-factors-2018,,,0,,,,,,,,,,2018,,,,,,0,,,,,675,,,,,0,,,,,,,,,,,,,,,,0,,,,,,,,,,,,,,,,0,,,,,HFC-32,,,,,,,,,,,0,,,,,,,,,,,,,,,
a091h000004KQKFAA4,0051h0000064MckAAE,,HFC-365mfc - 2018 revision,0121h000001lj5TAAQ,2021-03-29T18:30:16.000+0000,0051h0000064MckAAE,2021-03-29T18:30:16.000+0000,0051h0000064MckAAE,2021-03-29T18:30:16.000+0000,,,,,,,,,,,,,,,,,,,,https://www.gov.uk/government/publications/greenhouse-gas-reporting-conversion-factors-2018,,,0,,,,,,,,,,2018,,,,,,0,,,,,794,,,,,0,,,,,,,,,,,,,,,,0,,,,,,,,,,,,,,,,0,,,,,HFC-365mfc,,,,,,,,,,,0,,,,,,,,,,,,,,,
a091h000004KQKGAA4,0051h0000064MckAAE,,HFC-41 - 2018 revision,0121h000001lj5TAAQ,2021-03-29T18:30:16.000+0000,0051h0000064MckAAE,2021-03-29T18:30:16.000+0000,0051h0000064MckAAE,2021-03-29T18:30:16.000+0000,,,,,,,,,,,,,,,,,,,,https://www.gov.uk/government/publications/greenhouse-gas-reporting-conversion-factors-2018,,,0,,,,,,,,,,2018,,,,,,0,,,,,92,,,,,0,,,,,,,,,,,,,,,,0,,,,,,,,,,,,,,,,0,,,,,HFC-41,,,,,,,,,,,0,,,,,,,,,,,,,,,
a091h000004KQKHAA4,0051h0000064MckAAE,,HFC-43-I0mee - 2018 revision,0121h000001lj5TAAQ,2021-03-29T18:30:16.000+0000,0051h0000064MckAAE,2021-03-29T18:30:16.000+0000,0051h0000064MckAAE,2021-03-29T18:30:16.000+0000,,,,,,,,,,,,,,,,,,,,https://www.gov.uk/government/publications/greenhouse-gas-reporting-conversion-factors-2018,,,0,,,,,,,,,,2018,,,,,,0,,,,,1640,,,,,0,,,,,,,,,,,,,,,,0,,,,,,,,,,,,,,,,0,,,,,HFC-43-I0mee,,,,,,,,,,,0,,,,,,,,,,,,,,,
a091h000004KQKIAA4,0051h0000064MckAAE,,HFE-125 - 2018 revision,0121h000001lj5TAAQ,2021-03-29T18:30:16.000+0000,0051h0000064MckAAE,2021-03-29T18:30:16.000+0000,0051h0000064MckAAE,2021-03-29T18:30:16.000+0000,,,,,,,,,,,,,,,,,,,,https://www.gov.uk/government/publications/greenhouse-gas-reporting-conversion-factors-2018,,,0,,,,,,,,,,2018,,,,,,0,,,,,14900,,,,,0,,,,,,,,,,,,,,,,0,,,,,,,,,,,,,,,,0,,,,,HFE-125,,,,,,,,,,,0,,,,,,,,,,,,,,,
a091h000004KQKJAA4,0051h0000064MckAAE,,HFE-134 - 2018 revision,0121h000001lj5TAAQ,2021-03-29T18:30:16.000+0000,0051h0000064MckAAE,2021-03-29T18:30:16.000+0000,0051h0000064MckAAE,2021-03-29T18:30:16.000+0000,,,,,,,,,,,,,,,,,,,,https://www.gov.uk/government/publications/greenhouse-gas-reporting-conversion-factors-2018,,,0,,,,,,,,,,2018,,,,,,0,,,,,6320,,,,,0,,,,,,,,,,,,,,,,0,,,,,,,,,,,,,,,,0,,,,,HFE-134,,,,,,,,,,,0,,,,,,,,,,,,,,,
a091h000004KQKOAA4,0051h0000064MckAAE,,HFE-254cb2 - 2018 revision,0121h000001lj5TAAQ,2021-03-29T18:30:16.000+0000,0051h0000064MckAAE,2021-03-29T18:30:16.000+0000,0051h0000064MckAAE,2021-03-29T18:30:16.000+0000,,,,,,,,,,,,,,,,,,,,https://www.gov.uk/government/publications/greenhouse-gas-reporting-conversion-factors-2018,,,0,,,,,,,,,,2018,,,,,,0,,,,,359,,,,,0,,,,,,,,,,,,,,,,0,,,,,,,,,,,,,,,,0,,,,,HFE-254cb2,,,,,,,,,,,0,,,,,,,,,,,,,,,
a091h000004KQKPAA4,0051h0000064MckAAE,,HFE-338pcc13 (HG-01) - 2018 revision,0121h000001lj5TAAQ,2021-03-29T18:30:16.000+0000,0051h0000064MckAAE,2021-03-29T18:30:16.000+0000,0051h0000064MckAAE,2021-03-29T18:30:16.000+0000,,,,,,,,,,,,,,,,,,,,https://www.gov.uk/government/publications/greenhouse-gas-reporting-conversion-factors-2018,,,0,,,,,,,,,,2018,,,,,,0,,,,,1500,,,,,0,,,,,,,,,,,,,,,,0,,,,,,,,,,,,,,,,0,,,,,HFE-338pcc13 (HG-01),,,,,,,,,,,0,,,,,,,,,,,,,,,
a091h000004KQKQAA4,0051h0000064MckAAE,,HFE-347mcc3 - 2018 revision,0121h000001lj5TAAQ,2021-03-29T18:30:16.000+0000,0051h0000064MckAAE,2021-03-29T18:30:16.000+0000,0051h0000064MckAAE,2021-03-29T18:30:16.000+0000,,,,,,,,,,,,,,,,,,,,https://www.gov.uk/government/publications/greenhouse-gas-reporting-conversion-factors-2018,,,0,,,,,,,,,,2018,,,,,,0,,,,,575,,,,,0,,,,,,,,,,,,,,,,0,,,,,,,,,,,,,,,,0,,,,,HFE-347mcc3,,,,,,,,,,,0,,,,,,,,,,,,,,,
a091h000004KQKKAA4,0051h0000064MckAAE,,HFE-143a - 2018 revision,0121h000001lj5TAAQ,2021-03-29T18:30:16.000+0000,0051h0000064MckAAE,2021-03-29T18:30:16.000+0000,0051h0000064MckAAE,2021-03-29T18:30:16.000+0000,,,,,,,,,,,,,,,,,,,,https://www.gov.uk/government/publications/greenhouse-gas-reporting-conversion-factors-2018,,,0,,,,,,,,,,2018,,,,,,0,,,,,756,,,,,0,,,,,,,,,,,,,,,,0,,,,,,,,,,,,,,,,0,,,,,HFE-143a,,,,,,,,,,,0,,,,,,,,,,,,,,,
a091h000004KQKLAA4,0051h0000064MckAAE,,HFE-236ca12 (HG-10) - 2018 revision,0121h000001lj5TAAQ,2021-03-29T18:30:16.000+0000,0051h0000064MckAAE,2021-03-29T18:30:16.000+0000,0051h0000064MckAAE,2021-03-29T18:30:16.000+0000,,,,,,,,,,,,,,,,,,,,https://www.gov.uk/government/publications/greenhouse-gas-reporting-conversion-factors-2018,,,0,,,,,,,,,,2018,,,,,,0,,,,,2800,,,,,0,,,,,,,,,,,,,,,,0,,,,,,,,,,,,,,,,0,,,,,HFE-236ca12 (HG-10),,,,,,,,,,,0,,,,,,,,,,,,,,,
a091h000004KQKMAA4,0051h0000064MckAAE,,HFE-245cb2 - 2018 revision,0121h000001lj5TAAQ,2021-03-29T18:30:16.000+0000,0051h0000064MckAAE,2021-03-29T18:30:16.000+0000,0051h0000064MckAAE,2021-03-29T18:30:16.000+0000,,,,,,,,,,,,,,,,,,,,https://www.gov.uk/government/publications/greenhouse-gas-reporting-conversion-factors-2018,,,0,,,,,,,,,,2018,,,,,,0,,,,,708,,,,,0,,,,,,,,,,,,,,,,0,,,,,,,,,,,,,,,,0,,,,,HFE-245cb2,,,,,,,,,,,0,,,,,,,,,,,,,,,
a091h000004KQKNAA4,0051h0000064MckAAE,,HFE-245fa2 - 2018 revision,0121h000001lj5TAAQ,2021-03-29T18:30:16.000+0000,0051h0000064MckAAE,2021-03-29T18:30:16.000+0000,0051h0000064MckAAE,2021-03-29T18:30:16.000+0000,,,,,,,,,,,,,,,,,,,,https://www.gov.uk/government/publications/greenhouse-gas-reporting-conversion-factors-2018,,,0,,,,,,,,,,2018,,,,,,0,,,,,659,,,,,0,,,,,,,,,,,,,,,,0,,,,,,,,,,,,,,,,0,,,,,HFE-245fa2,,,,,,,,,,,0,,,,,,,,,,,,,,,
a091h000004KQKRAA4,0051h0000064MckAAE,,HFE-347pcf2 - 2018 revision,0121h000001lj5TAAQ,2021-03-29T18:30:16.000+0000,0051h0000064MckAAE,2021-03-29T18:30:16.000+0000,0051h0000064MckAAE,2021-03-29T18:30:16.000+0000,,,,,,,,,,,,,,,,,,,,https://www.gov.uk/government/publications/greenhouse-gas-reporting-conversion-factors-2018,,,0,,,,,,,,,,2018,,,,,,0,,,,,580,,,,,0,,,,,,,,,,,,,,,,0,,,,,,,,,,,,,,,,0,,,,,HFE-347pcf2,,,,,,,,,,,0,,,,,,,,,,,,,,,
a091h000004KQKSAA4,0051h0000064MckAAE,,HFE-356pcc3 - 2018 revision,0121h000001lj5TAAQ,2021-03-29T18:30:16.000+0000,0051h0000064MckAAE,2021-03-29T18:30:16.000+0000,0051h0000064MckAAE,2021-03-29T18:30:16.000+0000,,,,,,,,,,,,,,,,,,,,https://www.gov.uk/government/publications/greenhouse-gas-reporting-conversion-factors-2018,,,0,,,,,,,,,,2018,,,,,,0,,,,,110,,,,,0,,,,,,,,,,,,,,,,0,,,,,,,,,,,,,,,,0,,,,,HFE-356pcc3,,,,,,,,,,,0,,,,,,,,,,,,,,,
a091h000004KQKTAA4,0051h0000064MckAAE,,HFE-43-10pccc124 (H-Galden1040x) - 2018 revision,0121h000001lj5TAAQ,2021-03-29T18:30:16.000+0000,0051h0000064MckAAE,2021-03-29T18:30:16.000+0000,0051h0000064MckAAE,2021-03-29T18:30:16.000+0000,,,,,,,,,,,,,,,,,,,,https://www.gov.uk/government/publications/greenhouse-gas-reporting-conversion-factors-2018,,,0,,,,,,,,,,2018,,,,,,0,,,,,1870,,,,,0,,,,,,,,,,,,,,,,0,,,,,,,,,,,,,,,,0,,,,,HFE-43-10pccc124 (H-Galden1040x),,,,,,,,,,,0,,,,,,,,,,,,,,,
a091h000004KQKUAA4,0051h0000064MckAAE,,HFE-449sl (HFE-7100) - 2018 revision,0121h000001lj5TAAQ,2021-03-29T18:30:16.000+0000,0051h0000064MckAAE,2021-03-29T18:30:16.000+0000,0051h0000064MckAAE,2021-03-29T18:30:16.000+0000,,,,,,,,,,,,,,,,,,,,https://www.gov.uk/government/publications/greenhouse-gas-reporting-conversion-factors-2018,,,0,,,,,,,,,,2018,,,,,,0,,,,,297,,,,,0,,,,,,,,,,,,,,,,0,,,,,,,,,,,,,,,,0,,,,,HFE-449sl (HFE-7100),,,,,,,,,,,0,,,,,,,,,,,,,,,
a091h000004KQKVAA4,0051h0000064MckAAE,,HFE-569sf2 (HFE-7200) - 2018 revision,0121h000001lj5TAAQ,2021-03-29T18:30:16.000+0000,0051h0000064MckAAE,2021-03-29T18:30:16.000+0000,0051h0000064MckAAE,2021-03-29T18:30:16.000+0000,,,,,,,,,,,,,,,,,,,,https://www.gov.uk/government/publications/greenhouse-gas-reporting-conversion-factors-2018,,,0,,,,,,,,,,2018,,,,,,0,,,,,59,,,,,0,,,,,,,,,,,,,,,,0,,,,,,,,,,,,,,,,0,,,,,HFE-569sf2 (HFE-7200),,,,,,,,,,,0,,,,,,,,,,,,,,,
a091h000004KQKWAA4,0051h0000064MckAAE,,Methyl bromide - 2018 revision,0121h000001lj5TAAQ,2021-03-29T18:30:16.000+0000,0051h0000064MckAAE,2021-03-29T18:30:16.000+0000,0051h0000064MckAAE,2021-03-29T18:30:16.000+0000,,,,,,,,,,,,,,,,,,,,https://www.gov.uk/government/publications/greenhouse-gas-reporting-conversion-factors-2018,,,0,,,,,,,,,,2018,,,,,,0,,,,,5,,,,,0,,,,,,,,,,,,,,,,0,,,,,,,,,,,,,,,,0,,,,,Methyl bromide,,,,,,,,,,,0,,,,,,,,,,,,,,,
a091h000004KQKXAA4,0051h0000064MckAAE,,Methyl chloride - 2018 revision,0121h000001lj5TAAQ,2021-03-29T18:30:16.000+0000,0051h0000064MckAAE,2021-03-29T18:30:16.000+0000,0051h0000064MckAAE,2021-03-29T18:30:16.000+0000,,,,,,,,,,,,,,,,,,,,https://www.gov.uk/government/publications/greenhouse-gas-reporting-conversion-factors-2018,,,0,,,,,,,,,,2018,,,,,,0,,,,,13,,,,,0,,,,,,,,,,,,,,,,0,,,,,,,,,,,,,,,,0,,,,,Methyl chloride,,,,,,,,,,,0,,,,,,,,,,,,,,,
a091h000004KQKYAA4,0051h0000064MckAAE,,Methyl chloroform - 2018 revision,0121h000001lj5TAAQ,2021-03-29T18:30:16.000+0000,0051h0000064MckAAE,2021-03-29T18:30:16.000+0000,0051h0000064MckAAE,2021-03-29T18:30:16.000+0000,,,,,,,,,,,,,,,,,,,,https://www.gov.uk/government/publications/greenhouse-gas-reporting-conversion-factors-2018,,,0,,,,,,,,,,2018,,,,,,0,,,,,146,,,,,0,,,,,,,,,,,,,,,,0,,,,,,,,,,,,,,,,0,,,,,Methyl chloroform,,,,,,,,,,,0,,,,,,,,,,,,,,,
a091h000004KQKZAA4,0051h0000064MckAAE,,Methylene chloride - 2018 revision,0121h000001lj5TAAQ,2021-03-29T18:30:16.000+0000,0051h0000064MckAAE,2021-03-29T18:30:16.000+0000,0051h0000064MckAAE,2021-03-29T18:30:16.000+0000,,,,,,,,,,,,,,,,,,,,https://www.gov.uk/government/publications/greenhouse-gas-reporting-conversion-factors-2018,,,0,,,,,,,,,,2018,,,,,,0,,,,,9,,,,,0,,,,,,,,,,,,,,,,0,,,,,,,,,,,,,,,,0,,,,,Methylene chloride,,,,,,,,,,,0,,,,,,,,,,,,,,,
a091h000004KQKaAAO,0051h0000064MckAAE,,Nitrogen trifluoride - 2018 revision,0121h000001lj5TAAQ,2021-03-29T18:30:16.000+0000,0051h0000064MckAAE,2021-03-29T18:30:16.000+0000,0051h0000064MckAAE,2021-03-29T18:30:16.000+0000,,,,,,,,,,,,,,,,,,,,https://www.gov.uk/government/publications/greenhouse-gas-reporting-conversion-factors-2018,,,0,,,,,,,,,,2018,,,,,,0,,,,,17200,,,,,0,,,,,,,,,,,,,,,,0,,,,,,,,,,,,,,,,0,,,,,Nitrogen trifluoride,,,,,,,,,,,0,,,,,,,,,,,,,,,
a091h000004KQKbAAO,0051h0000064MckAAE,,Perfluorobutane (PFC-3-1-10) - 2018 revision,0121h000001lj5TAAQ,2021-03-29T18:30:16.000+0000,0051h0000064MckAAE,2021-03-29T18:30:16.000+0000,0051h0000064MckAAE,2021-03-29T18:30:16.000+0000,,,,,,,,,,,,,,,,,,,,https://www.gov.uk/government/publications/greenhouse-gas-reporting-conversion-factors-2018,,,0,,,,,,,,,,2018,,,,,,0,,,,,8860,,,,,0,,,,,,,,,,,,,,,,0,,,,,,,,,,,,,,,,0,,,,,Perfluorobutane (PFC-3-1-10),,,,,,,,,,,0,,,,,,,,,,,,,,,
a091h000004KQKcAAO,0051h0000064MckAAE,,Perfluorocyclobutane (PFC-318) - 2018 revision,0121h000001lj5TAAQ,2021-03-29T18:30:16.000+0000,0051h0000064MckAAE,2021-03-29T18:30:16.000+0000,0051h0000064MckAAE,2021-03-29T18:30:16.000+0000,,,,,,,,,,,,,,,,,,,,https://www.gov.uk/government/publications/greenhouse-gas-reporting-conversion-factors-2018,,,0,,,,,,,,,,2018,,,,,,0,,,,,10300,,,,,0,,,,,,,,,,,,,,,,0,,,,,,,,,,,,,,,,0,,,,,Perfluorocyclobutane (PFC-318),,,,,,,,,,,0,,,,,,,,,,,,,,,
a091h000004KQKdAAO,0051h0000064MckAAE,,Perfluorocyclopropane - 2018 revision,0121h000001lj5TAAQ,2021-03-29T18:30:16.000+0000,0051h0000064MckAAE,2021-03-29T18:30:16.000+0000,0051h0000064MckAAE,2021-03-29T18:30:16.000+0000,,,,,,,,,,,,,,,,,,,,https://www.gov.uk/government/publications/greenhouse-gas-reporting-conversion-factors-2018,,,0,,,,,,,,,,2018,,,,,,0,,,,,17340,,,,,0,,,,,,,,,,,,,,,,0,,,,,,,,,,,,,,,,0,,,,,Perfluorocyclopropane,,,,,,,,,,,0,,,,,,,,,,,,,,,
a091h000004KQKeAAO,0051h0000064MckAAE,,Perfluoroethane (PFC-116) - 2018 revision,0121h000001lj5TAAQ,2021-03-29T18:30:16.000+0000,0051h0000064MckAAE,2021-03-29T18:30:16.000+0000,0051h0000064MckAAE,2021-03-29T18:30:16.000+0000,,,,,,,,,,,,,,,,,,,,https://www.gov.uk/government/publications/greenhouse-gas-reporting-conversion-factors-2018,,,0,,,,,,,,,,2018,,,,,,0,,,,,12200,,,,,0,,,,,,,,,,,,,,,,0,,,,,,,,,,,,,,,,0,,,,,Perfluoroethane (PFC-116),,,,,,,,,,,0,,,,,,,,,,,,,,,
a091h000004KQKfAAO,0051h0000064MckAAE,,Perfluorohexane (PFC-5-1-14) - 2018 revision,0121h000001lj5TAAQ,2021-03-29T18:30:16.000+0000,0051h0000064MckAAE,2021-03-29T18:30:16.000+0000,0051h0000064MckAAE,2021-03-29T18:30:16.000+0000,,,,,,,,,,,,,,,,,,,,https://www.gov.uk/government/publications/greenhouse-gas-reporting-conversion-factors-2018,,,0,,,,,,,,,,2018,,,,,,0,,,,,9300,,,,,0,,,,,,,,,,,,,,,,0,,,,,,,,,,,,,,,,0,,,,,Perfluorohexane (PFC-5-1-14),,,,,,,,,,,0,,,,,,,,,,,,,,,
a091h000004KQKgAAO,0051h0000064MckAAE,,Perfluoromethane (PFC-14) - 2018 revision,0121h000001lj5TAAQ,2021-03-29T18:30:16.000+0000,0051h0000064MckAAE,2021-03-29T18:30:16.000+0000,0051h0000064MckAAE,2021-03-29T18:30:16.000+0000,,,,,,,,,,,,,,,,,,,,https://www.gov.uk/government/publications/greenhouse-gas-reporting-conversion-factors-2018,,,0,,,,,,,,,,2018,,,,,,0,,,,,7390,,,,,0,,,,,,,,,,,,,,,,0,,,,,,,,,,,,,,,,0,,,,,Perfluoromethane (PFC-14),,,,,,,,,,,0,,,,,,,,,,,,,,,
a091h000004KQKhAAO,0051h0000064MckAAE,,Perfluoropentane (PFC-4-1-12) - 2018 revision,0121h000001lj5TAAQ,2021-03-29T18:30:16.000+0000,0051h0000064MckAAE,2021-03-29T18:30:16.000+0000,0051h0000064MckAAE,2021-03-29T18:30:16.000+0000,,,,,,,,,,,,,,,,,,,,https://www.gov.uk/government/publications/greenhouse-gas-reporting-conversion-factors-2018,,,0,,,,,,,,,,2018,,,,,,0,,,,,9160,,,,,0,,,,,,,,,,,,,,,,0,,,,,,,,,,,,,,,,0,,,,,Perfluoropentane (PFC-4-1-12),,,,,,,,,,,0,,,,,,,,,,,,,,,
a091h000004KQKiAAO,0051h0000064MckAAE,,Perfluoropropane (PFC-218) - 2018 revision,0121h000001lj5TAAQ,2021-03-29T18:30:16.000+0000,0051h0000064MckAAE,2021-03-29T18:30:16.000+0000,0051h0000064MckAAE,2021-03-29T18:30:16.000+0000,,,,,,,,,,,,,,,,,,,,https://www.gov.uk/government/publications/greenhouse-gas-reporting-conversion-factors-2018,,,0,,,,,,,,,,2018,,,,,,0,,,,,8830,,,,,0,,,,,,,,,,,,,,,,0,,,,,,,,,,,,,,,,0,,,,,Perfluoropropane (PFC-218),,,,,,,,,,,0,,,,,,,,,,,,,,,
a091h000004KQKjAAO,0051h0000064MckAAE,,PFC-9-1-18 - 2018 revision,0121h000001lj5TAAQ,2021-03-29T18:30:16.000+0000,0051h0000064MckAAE,2021-03-29T18:30:16.000+0000,0051h0000064MckAAE,2021-03-29T18:30:16.000+0000,,,,,,,,,,,,,,,,,,,,https://www.gov.uk/government/publications/greenhouse-gas-reporting-conversion-factors-2018,,,0,,,,,,,,,,2018,,,,,,0,,,,,7500,,,,,0,,,,,,,,,,,,,,,,0,,,,,,,,,,,,,,,,0,,,,,PFC-9-1-18,,,,,,,,,,,0,,,,,,,,,,,,,,,
a091h000004KQKkAAO,0051h0000064MckAAE,,PFPMIE - 2018 revision,0121h000001lj5TAAQ,2021-03-29T18:30:16.000+0000,0051h0000064MckAAE,2021-03-29T18:30:16.000+0000,0051h0000064MckAAE,2021-03-29T18:30:16.000+0000,,,,,,,,,,,,,,,,,,,,https://www.gov.uk/government/publications/greenhouse-gas-reporting-conversion-factors-2018,,,0,,,,,,,,,,2018,,,,,,0,,,,,10300,,,,,0,,,,,,,,,,,,,,,,0,,,,,,,,,,,,,,,,0,,,,,PFPMIE,,,,,,,,,,,0,,,,,,,,,,,,,,,
a091h000004KQKlAAO,0051h0000064MckAAE,,R-407C - 2018 revision,0121h000001lj5TAAQ,2021-03-29T18:30:16.000+0000,0051h0000064MckAAE,2021-03-29T18:30:16.000+0000,0051h0000064MckAAE,2021-03-29T18:30:16.000+0000,,,,,,,,,,,,,,,,,,,,https://www.gov.uk/government/publications/greenhouse-gas-reporting-conversion-factors-2018,,,0,,,,,,,,,,2018,,,,,,0,,,,,1774,,,,,0,,,,,,,,,,,,,,,,0,,,,,,,,,,,,,,,,0,,,,,R-407C,,,,,,,,,,,0,,,,,,,,,,,,,,,
a091h000004KQKmAAO,0051h0000064MckAAE,,R-410A - 2018 revision,0121h000001lj5TAAQ,2021-03-29T18:30:16.000+0000,0051h0000064MckAAE,2021-03-29T18:30:16.000+0000,0051h0000064MckAAE,2021-03-29T18:30:16.000+0000,,,,,,,,,,,,,,,,,,,,https://www.gov.uk/government/publications/greenhouse-gas-reporting-conversion-factors-2018,,,0,,,,,,,,,,2018,,,,,,0,,,,,2088,,,,,0,,,,,,,,,,,,,,,,0,,,,,,,,,,,,,,,,0,,,,,R-410A,,,,,,,,,,,0,,,,,,,,,,,,,,,
a091h000004KQKnAAO,0051h0000064MckAAE,,R-422D - 2018 revision,0121h000001lj5TAAQ,2021-03-29T18:30:16.000+0000,0051h0000064MckAAE,2021-03-29T18:30:16.000+0000,0051h0000064MckAAE,2021-03-29T18:30:16.000+0000,,,,,,,,,,,,,,,,,,,,https://www.gov.uk/government/publications/greenhouse-gas-reporting-conversion-factors-2018,,,0,,,,,,,,,,2018,,,,,,0,,,,,2729,,,,,0,,,,,,,,,,,,,,,,0,,,,,,,,,,,,,,,,0,,,,,R-422D,,,,,,,,,,,0,,,,,,,,,,,,,,,
a091h000004KQKoAAO,0051h0000064MckAAE,,R1234yf - 2018 revision,0121h000001lj5TAAQ,2021-03-29T18:30:16.000+0000,0051h0000064MckAAE,2021-03-29T18:30:16.000+0000,0051h0000064MckAAE,2021-03-29T18:30:16.000+0000,,,,,,,,,,,,,,,,,,,,https://www.gov.uk/government/publications/greenhouse-gas-reporting-conversion-factors-2018,,,0,,,,,,,,,,2018,,,,,,0,,,,,1,,,,,0,,,,,,,,,,,,,,,,0,,,,,,,,,,,,,,,,0,,,,,R1234yf,,,,,,,,,,,0,,,,,,,,,,,,,,,
a091h000004KQKpAAO,0051h0000064MckAAE,,R1234ze - 2018 revision,0121h000001lj5TAAQ,2021-03-29T18:30:16.000+0000,0051h0000064MckAAE,2021-03-29T18:30:16.000+0000,0051h0000064MckAAE,2021-03-29T18:30:16.000+0000,,,,,,,,,,,,,,,,,,,,https://www.gov.uk/government/publications/greenhouse-gas-reporting-conversion-factors-2018,,,0,,,,,,,,,,2018,,,,,,0,,,,,1,,,,,0,,,,,,,,,,,,,,,,0,,,,,,,,,,,,,,,,0,,,,,R1234ze,,,,,,,,,,,0,,,,,,,,,,,,,,,
a091h000004KQKqAAO,0051h0000064MckAAE,,R134a - 2018 revision,0121h000001lj5TAAQ,2021-03-29T18:30:16.000+0000,0051h0000064MckAAE,2021-03-29T18:30:16.000+0000,0051h0000064MckAAE,2021-03-29T18:30:16.000+0000,,,,,,,,,,,,,,,,,,,,https://www.gov.uk/government/publications/greenhouse-gas-reporting-conversion-factors-2018,,,0,,,,,,,,,,2018,,,,,,0,,,,,1430,,,,,0,,,,,,,,,,,,,,,,0,,,,,,,,,,,,,,,,0,,,,,R134a,,,,,,,,,,,0,,,,,,,,,,,,,,,
a091h000004KQKrAAO,0051h0000064MckAAE,,R290 (propane) - 2018 revision,0121h000001lj5TAAQ,2021-03-29T18:30:16.000+0000,0051h0000064MckAAE,2021-03-29T18:30:16.000+0000,0051h0000064MckAAE,2021-03-29T18:30:16.000+0000,,,,,,,,,,,,,,,,,,,,https://www.gov.uk/government/publications/greenhouse-gas-reporting-conversion-factors-2018,,,0,,,,,,,,,,2018,,,,,,0,,,,,3,,,,,0,,,,,,,,,,,,,,,,0,,,,,,,,,,,,,,,,0,,,,,R290 (propane),,,,,,,,,,,0,,,,,,,,,,,,,,,
a091h000004KQKsAAO,0051h0000064MckAAE,,R403A - 2018 revision,0121h000001lj5TAAQ,2021-03-29T18:30:16.000+0000,0051h0000064MckAAE,2021-03-29T18:30:16.000+0000,0051h0000064MckAAE,2021-03-29T18:30:16.000+0000,,,,,,,,,,,,,,,,,,,,https://www.gov.uk/government/publications/greenhouse-gas-reporting-conversion-factors-2018,,,0,,,,,,,,,,2018,,,,,,0,,,,,3124,,,,,0,,,,,,,,,,,,,,,,0,,,,,,,,,,,,,,,,0,,,,,R403A,,,,,,,,,,,0,,,,,,,,,,,,,,,
a091h000004KQKtAAO,0051h0000064MckAAE,,R404A - 2018 revision,0121h000001lj5TAAQ,2021-03-29T18:30:16.000+0000,0051h0000064MckAAE,2021-03-29T18:30:16.000+0000,0051h0000064MckAAE,2021-03-29T18:30:16.000+0000,,,,,,,,,,,,,,,,,,,,https://www.gov.uk/government/publications/greenhouse-gas-reporting-conversion-factors-2018,,,0,,,,,,,,,,2018,,,,,,0,,,,,3922,,,,,0,,,,,,,,,,,,,,,,0,,,,,,,,,,,,,,,,0,,,,,R404A,,,,,,,,,,,0,,,,,,,,,,,,,,,
a091h000004KQKuAAO,0051h0000064MckAAE,,R406A - 2018 revision,0121h000001lj5TAAQ,2021-03-29T18:30:16.000+0000,0051h0000064MckAAE,2021-03-29T18:30:16.000+0000,0051h0000064MckAAE,2021-03-29T18:30:16.000+0000,,,,,,,,,,,,,,,,,,,,https://www.gov.uk/government/publications/greenhouse-gas-reporting-conversion-factors-2018,,,0,,,,,,,,,,2018,,,,,,0,,,,,1943,,,,,0,,,,,,,,,,,,,,,,0,,,,,,,,,,,,,,,,0,,,,,R406A,,,,,,,,,,,0,,,,,,,,,,,,,,,
a091h000004KQKvAAO,0051h0000064MckAAE,,R407A - 2018 revision,0121h000001lj5TAAQ,2021-03-29T18:30:16.000+0000,0051h0000064MckAAE,2021-03-29T18:30:16.000+0000,0051h0000064MckAAE,2021-03-29T18:30:16.000+0000,,,,,,,,,,,,,,,,,,,,https://www.gov.uk/government/publications/greenhouse-gas-reporting-conversion-factors-2018,,,0,,,,,,,,,,2018,,,,,,0,,,,,2107,,,,,0,,,,,,,,,,,,,,,,0,,,,,,,,,,,,,,,,0,,,,,R407A,,,,,,,,,,,0,,,,,,,,,,,,,,,
a091h000004KQKwAAO,0051h0000064MckAAE,,R407F - 2018 revision,0121h000001lj5TAAQ,2021-03-29T18:30:16.000+0000,0051h0000064MckAAE,2021-03-29T18:30:16.000+0000,0051h0000064MckAAE,2021-03-29T18:30:16.000+0000,,,,,,,,,,,,,,,,,,,,https://www.gov.uk/government/publications/greenhouse-gas-reporting-conversion-factors-2018,,,0,,,,,,,,,,2018,,,,,,0,,,,,1825,,,,,0,,,,,,,,,,,,,,,,0,,,,,,,,,,,,,,,,0,,,,,R407F,,,,,,,,,,,0,,,,,,,,,,,,,,,
a091h000004KQKxAAO,0051h0000064MckAAE,,R408A - 2018 revision,0121h000001lj5TAAQ,2021-03-29T18:30:16.000+0000,0051h0000064MckAAE,2021-03-29T18:30:16.000+0000,0051h0000064MckAAE,2021-03-29T18:30:16.000+0000,,,,,,,,,,,,,,,,,,,,https://www.gov.uk/government/publications/greenhouse-gas-reporting-conversion-factors-2018,,,0,,,,,,,,,,2018,,,,,,0,,,,,3152,,,,,0,,,,,,,,,,,,,,,,0,,,,,,,,,,,,,,,,0,,,,,R408A,,,,,,,,,,,0,,,,,,,,,,,,,,,
a091h000004KQKyAAO,0051h0000064MckAAE,,R409A - 2018 revision,0121h000001lj5TAAQ,2021-03-29T18:30:16.000+0000,0051h0000064MckAAE,2021-03-29T18:30:16.000+0000,0051h0000064MckAAE,2021-03-29T18:30:16.000+0000,,,,,,,,,,,,,,,,,,,,https://www.gov.uk/government/publications/greenhouse-gas-reporting-conversion-factors-2018,,,0,,,,,,,,,,2018,,,,,,0,,,,,1585,,,,,0,,,,,,,,,,,,,,,,0,,,,,,,,,,,,,,,,0,,,,,R409A,,,,,,,,,,,0,,,,,,,,,,,,,,,
a091h000004KQKzAAO,0051h0000064MckAAE,,R502 - 2018 revision,0121h000001lj5TAAQ,2021-03-29T18:30:16.000+0000,0051h0000064MckAAE,2021-03-29T18:30:16.000+0000,0051h0000064MckAAE,2021-03-29T18:30:16.000+0000,,,,,,,,,,,,,,,,,,,,https://www.gov.uk/government/publications/greenhouse-gas-reporting-conversion-factors-2018,,,0,,,,,,,,,,2018,,,,,,0,,,,,4657,,,,,0,,,,,,,,,,,,,,,,0,,,,,,,,,,,,,,,,0,,,,,R502,,,,,,,,,,,0,,,,,,,,,,,,,,,
a091h000004KQL0AAO,0051h0000064MckAAE,,R507A - 2018 revision,0121h000001lj5TAAQ,2021-03-29T18:30:16.000+0000,0051h0000064MckAAE,2021-03-29T18:30:16.000+0000,0051h0000064MckAAE,2021-03-29T18:30:16.000+0000,,,,,,,,,,,,,,,,,,,,https://www.gov.uk/government/publications/greenhouse-gas-reporting-conversion-factors-2018,,,0,,,,,,,,,,2018,,,,,,0,,,,,3985,,,,,0,,,,,,,,,,,,,,,,0,,,,,,,,,,,,,,,,0,,,,,R507A,,,,,,,,,,,0,,,,,,,,,,,,,,,
a091h000004KQL1AAO,0051h0000064MckAAE,,R508B - 2018 revision,0121h000001lj5TAAQ,2021-03-29T18:30:16.000+0000,0051h0000064MckAAE,2021-03-29T18:30:16.000+0000,0051h0000064MckAAE,2021-03-29T18:30:16.000+0000,,,,,,,,,,,,,,,,,,,,https://www.gov.uk/government/publications/greenhouse-gas-reporting-conversion-factors-2018,,,0,,,,,,,,,,2018,,,,,,0,,,,,13396,,,,,0,,,,,,,,,,,,,,,,0,,,,,,,,,,,,,,,,0,,,,,R508B,,,,,,,,,,,0,,,,,,,,,,,,,,,
a091h000004KQL2AAO,0051h0000064MckAAE,,R600A (isobutane) - 2018 revision,0121h000001lj5TAAQ,2021-03-29T18:30:16.000+0000,0051h0000064MckAAE,2021-03-29T18:30:16.000+0000,0051h0000064MckAAE,2021-03-29T18:30:16.000+0000,,,,,,,,,,,,,,,,,,,,https://www.gov.uk/government/publications/greenhouse-gas-reporting-conversion-factors-2018,,,0,,,,,,,,,,2018,,,,,,0,,,,,3,,,,,0,,,,,,,,,,,,,,,,0,,,,,,,,,,,,,,,,0,,,,,R600A (isobutane),,,,,,,,,,,0,,,,,,,,,,,,,,,
a091h000004KQL3AAO,0051h0000064MckAAE,,Sulphur hexafluoride (SF6) - 2018 revision,0121h000001lj5TAAQ,2021-03-29T18:30:16.000+0000,0051h0000064MckAAE,2021-03-29T18:30:16.000+0000,0051h0000064MckAAE,2021-03-29T18:30:16.000+0000,,,,,,,,,,,,,,,,,,,,https://www.gov.uk/government/publications/greenhouse-gas-reporting-conversion-factors-2018,,,0,,,,,,,,,,2018,,,,,,0,,,,,22800,,,,,0,,,,,,,,,,,,,,,,0,,,,,,,,,,,,,,,,0,,,,,Sulphur hexafluoride (SF6),,,,,,,,,,,0,,,,,,,,,,,,,,,
a091h000004KQL4AAO,0051h0000064MckAAE,,Trifluoromethyl sulphur pentafluoride - 2018 revision,0121h000001lj5TAAQ,2021-03-29T18:30:16.000+0000,0051h0000064MckAAE,2021-03-29T18:30:16.000+0000,0051h0000064MckAAE,2021-03-29T18:30:16.000+0000,,,,,,,,,,,,,,,,,,,,https://www.gov.uk/government/publications/greenhouse-gas-reporting-conversion-factors-2018,,,0,,,,,,,,,,2018,,,,,,0,,,,,17700,,,,,0,,,,,,,,,,,,,,,,0,,,,,,,,,,,,,,,,0,,,,,Trifluoromethyl sulphur pentafluoride,,,,,,,,,,,0,,,,,,,,,,,,,,,
a091h000004KQL5AAO,0051h0000064MckAAE,,Vehicle Emissions Factors,0121h000001lj5SAAQ,2021-03-29T18:30:16.000+0000,0051h0000064MckAAE,2021-03-29T18:30:16.000+0000,0051h0000064MckAAE,2021-03-29T18:30:16.000+0000,,,,,,,,0.0410105,1.500497,0.10874,0.003169,2.496426,0.0029826,1.2216158,1.543268,0.10874,,,,https://www.epa.gov/sites/production/files/2018-03/documents/emission-factors_mar_2018_0.pdf,,,0,,,,,,,,,,2018,0.1224101,1.518989,0.10874,,,0,,28,265,1,,0.0107498,2.319431,0.00223694,,0,,,,,,,,0.003169,2.697197,0.0029826,,,,,,0,,,,,,,,,,,,,,,,0,,,,,,,,,,,,,,,,0,,,,,,,,,,,,,,,
a091h000004KQJeAAO,0051h0000064MckAAE,,GeneralConversionFactors,0121h000001lj5RAAQ,2021-03-29T18:30:16.000+0000,0051h0000064MckAAE,2021-03-29T18:30:16.000+0000,0051h0000064MckAAE,2021-03-29T18:30:16.000+0000,,,,,,,,,,,,,,,,,,0.25212,,https://www.gov.uk/government/collections/government-conversion-factors-for-company-reporting;https://www.epa.gov/sites/production/files/2018-03/documents/emission-factors_mar_2018_0.pdf,3,73.96,0.25319,0.6,,,,,,,,,2018,,,,3,73.96,0.2531912,0.6,28,265,1,,,,,0.22656,0.0098295,,,,,,,,,,,,,,1,53.06,0.18123,10.732656,0.1,,,,,,,,,,,,0.01023642489,0.214521,0.21535,0.002047284978,0.00000166,0.002153,0.00020002024512,,,,,,,,,,1.25,66.33,0.22656,0.13,,,,,,,,,,,,0,9.75,0.3
a091h000004KQJfAAO,0051h0000064MckAAE,,Carbon tetrachloride - 2018 revision,0121h000001lj5TAAQ,2021-03-29T18:30:16.000+0000,0051h0000064MckAAE,2021-03-29T18:30:16.000+0000,0051h0000064MckAAE,2021-03-29T18:30:16.000+0000,,,,,,,,,,,,,,,,,,,,https://www.gov.uk/government/publications/greenhouse-gas-reporting-conversion-factors-2018,,,0,,,,,,,,,,2018,,,,,,0,,,,,1400,,,,,0,,,,,,,,,,,,,,,,0,,,,,,,,,,,,,,,,0,,,,,Carbon tetrachloride,,,,,,,,,,,0,,,,,,,,,,,,,,,
a091h000004KQJgAAO,0051h0000064MckAAE,,CFC-11 / R11 (trichlorofluoromethane) - 2018 revision,0121h000001lj5TAAQ,2021-03-29T18:30:16.000+0000,0051h0000064MckAAE,2021-03-29T18:30:16.000+0000,0051h0000064MckAAE,2021-03-29T18:30:16.000+0000,,,,,,,,,,,,,,,,,,,,https://www.gov.uk/government/publications/greenhouse-gas-reporting-conversion-factors-2018,,,0,,,,,,,,,,2018,,,,,,0,,,,,4750,,,,,0,,,,,,,,,,,,,,,,0,,,,,,,,,,,,,,,,0,,,,,CFC-11 / R11 (trichlorofluoromethane),,,,,,,,,,,0,,,,,,,,,,,,,,,
a091h000004KQJhAAO,0051h0000064MckAAE,,CFC-113 - 2018 revision,0121h000001lj5TAAQ,2021-03-29T18:30:16.000+0000,0051h0000064MckAAE,2021-03-29T18:30:16.000+0000,0051h0000064MckAAE,2021-03-29T18:30:16.000+0000,,,,,,,,,,,,,,,,,,,,https://www.gov.uk/government/publications/greenhouse-gas-reporting-conversion-factors-2018,,,0,,,,,,,,,,2018,,,,,,0,,,,,6130,,,,,0,,,,,,,,,,,,,,,,0,,,,,,,,,,,,,,,,0,,,,,CFC-113,,,,,,,,,,,0,,,,,,,,,,,,,,,
a091h000004KQJiAAO,0051h0000064MckAAE,,CFC-114 - 2018 revision,0121h000001lj5TAAQ,2021-03-29T18:30:16.000+0000,0051h0000064MckAAE,2021-03-29T18:30:16.000+0000,0051h0000064MckAAE,2021-03-29T18:30:16.000+0000,,,,,,,,,,,,,,,,,,,,https://www.gov.uk/government/publications/greenhouse-gas-reporting-conversion-factors-2018,,,0,,,,,,,,,,2018,,,,,,0,,,,,10000,,,,,0,,,,,,,,,,,,,,,,0,,,,,,,,,,,,,,,,0,,,,,CFC-114,,,,,,,,,,,0,,,,,,,,,,,,,,,
a091h000004KQJjAAO,0051h0000064MckAAE,,CFC-115 - 2018 revision,0121h000001lj5TAAQ,2021-03-29T18:30:16.000+0000,0051h0000064MckAAE,2021-03-29T18:30:16.000+0000,0051h0000064MckAAE,2021-03-29T18:30:16.000+0000,,,,,,,,,,,,,,,,,,,,https://www.gov.uk/government/publications/greenhouse-gas-reporting-conversion-factors-2018,,,0,,,,,,,,,,2018,,,,,,0,,,,,7370,,,,,0,,,,,,,,,,,,,,,,0,,,,,,,,,,,,,,,,0,,,,,CFC-115,,,,,,,,,,,0,,,,,,,,,,,,,,,
a091h000004KQJkAAO,0051h0000064MckAAE,,CFC-12 / R12 (dichlorodifluoromethane) - 2018 revision,0121h000001lj5TAAQ,2021-03-29T18:30:16.000+0000,0051h0000064MckAAE,2021-03-29T18:30:16.000+0000,0051h0000064MckAAE,2021-03-29T18:30:16.000+0000,,,,,,,,,,,,,,,,,,,,https://www.gov.uk/government/publications/greenhouse-gas-reporting-conversion-factors-2018,,,0,,,,,,,,,,2018,,,,,,0,,,,,10900,,,,,0,,,,,,,,,,,,,,,,0,,,,,,,,,,,,,,,,0,,,,,CFC-12 / R12 (dichlorodifluoromethane),,,,,,,,,,,0,,,,,,,,,,,,,,,
a091h000004KQJlAAO,0051h0000064MckAAE,,CFC-13 - 2018 revision,0121h000001lj5TAAQ,2021-03-29T18:30:16.000+0000,0051h0000064MckAAE,2021-03-29T18:30:16.000+0000,0051h0000064MckAAE,2021-03-29T18:30:16.000+0000,,,,,,,,,,,,,,,,,,,,https://www.gov.uk/government/publications/greenhouse-gas-reporting-conversion-factors-2018,,,0,,,,,,,,,,2018,,,,,,0,,,,,14400,,,,,0,,,,,,,,,,,,,,,,0,,,,,,,,,,,,,,,,0,,,,,CFC-13,,,,,,,,,,,0,,,,,,,,,,,,,,,
a091h000004KQJmAAO,0051h0000064MckAAE,,Dimethylether - 2018 revision,0121h000001lj5TAAQ,2021-03-29T18:30:16.000+0000,0051h0000064MckAAE,2021-03-29T18:30:16.000+0000,0051h0000064MckAAE,2021-03-29T18:30:16.000+0000,,,,,,,,,,,,,,,,,,,,https://www.gov.uk/government/publications/greenhouse-gas-reporting-conversion-factors-2018,,,0,,,,,,,,,,2018,,,,,,0,,,,,1,,,,,0,,,,,,,,,,,,,,,,0,,,,,,,,,,,,,,,,0,,,,,Dimethylether,,,,,,,,,,,0,,,,,,,,,,,,,,,
a091h000004KQJnAAO,0051h0000064MckAAE,,Halon-1211 - 2018 revision,0121h000001lj5TAAQ,2021-03-29T18:30:16.000+0000,0051h0000064MckAAE,2021-03-29T18:30:16.000+0000,0051h0000064MckAAE,2021-03-29T18:30:16.000+0000,,,,,,,,,,,,,,,,,,,,https://www.gov.uk/government/publications/greenhouse-gas-reporting-conversion-factors-2018,,,0,,,,,,,,,,2018,,,,,,0,,,,,1890,,,,,0,,,,,,,,,,,,,,,,0,,,,,,,,,,,,,,,,0,,,,,Halon-1211,,,,,,,,,,,0,,,,,,,,,,,,,,,
a091h000004KQJoAAO,0051h0000064MckAAE,,Halon-1301 - 2018 revision,0121h000001lj5TAAQ,2021-03-29T18:30:16.000+0000,0051h0000064MckAAE,2021-03-29T18:30:16.000+0000,0051h0000064MckAAE,2021-03-29T18:30:16.000+0000,,,,,,,,,,,,,,,,,,,,https://www.gov.uk/government/publications/greenhouse-gas-reporting-conversion-factors-2018,,,0,,,,,,,,,,2018,,,,,,0,,,,,7140,,,,,0,,,,,,,,,,,,,,,,0,,,,,,,,,,,,,,,,0,,,,,Halon-1301,,,,,,,,,,,0,,,,,,,,,,,,,,,
a091h000004KQJpAAO,0051h0000064MckAAE,,Halon-2402 - 2018 revision,0121h000001lj5TAAQ,2021-03-29T18:30:16.000+0000,0051h0000064MckAAE,2021-03-29T18:30:16.000+0000,0051h0000064MckAAE,2021-03-29T18:30:16.000+0000,,,,,,,,,,,,,,,,,,,,https://www.gov.uk/government/publications/greenhouse-gas-reporting-conversion-factors-2018,,,0,,,,,,,,,,2018,,,,,,0,,,,,1640,,,,,0,,,,,,,,,,,,,,,,0,,,,,,,,,,,,,,,,0,,,,,Halon-2402,,,,,,,,,,,0,,,,,,,,,,,,,,,
a091h000004KQJqAAO,0051h0000064MckAAE,,HCFC-123 - 2018 revision,0121h000001lj5TAAQ,2021-03-29T18:30:16.000+0000,0051h0000064MckAAE,2021-03-29T18:30:16.000+0000,0051h0000064MckAAE,2021-03-29T18:30:16.000+0000,,,,,,,,,,,,,,,,,,,,https://www.gov.uk/government/publications/greenhouse-gas-reporting-conversion-factors-2018,,,0,,,,,,,,,,2018,,,,,,0,,,,,77,,,,,0,,,,,,,,,,,,,,,,0,,,,,,,,,,,,,,,,0,,,,,HCFC-123,,,,,,,,,,,0,,,,,,,,,,,,,,,
a091h000004KQJrAAO,0051h0000064MckAAE,,HCFC-124 - 2018 revision,0121h000001lj5TAAQ,2021-03-29T18:30:16.000+0000,0051h0000064MckAAE,2021-03-29T18:30:16.000+0000,0051h0000064MckAAE,2021-03-29T18:30:16.000+0000,,,,,,,,,,,,,,,,,,,,https://www.gov.uk/government/publications/greenhouse-gas-reporting-conversion-factors-2018,,,0,,,,,,,,,,2018,,,,,,0,,,,,609,,,,,0,,,,,,,,,,,,,,,,0,,,,,,,,,,,,,,,,0,,,,,HCFC-124,,,,,,,,,,,0,,,,,,,,,,,,,,,
a091h000004KQJsAAO,0051h0000064MckAAE,,HCFC-141b - 2018 revision,0121h000001lj5TAAQ,2021-03-29T18:30:16.000+0000,0051h0000064MckAAE,2021-03-29T18:30:16.000+0000,0051h0000064MckAAE,2021-03-29T18:30:16.000+0000,,,,,,,,,,,,,,,,,,,,https://www.gov.uk/government/publications/greenhouse-gas-reporting-conversion-factors-2018,,,0,,,,,,,,,,2018,,,,,,0,,,,,725,,,,,0,,,,,,,,,,,,,,,,0,,,,,,,,,,,,,,,,0,,,,,HCFC-141b,,,,,,,,,,,0,,,,,,,,,,,,,,,
a091h000004KQJtAAO,0051h0000064MckAAE,,HCFC-142b - 2018 revision,0121h000001lj5TAAQ,2021-03-29T18:30:16.000+0000,0051h0000064MckAAE,2021-03-29T18:30:16.000+0000,0051h0000064MckAAE,2021-03-29T18:30:16.000+0000,,,,,,,,,,,,,,,,,,,,https://www.gov.uk/government/publications/greenhouse-gas-reporting-conversion-factors-2018,,,0,,,,,,,,,,2018,,,,,,0,,,,,2310,,,,,0,,,,,,,,,,,,,,,,0,,,,,,,,,,,,,,,,0,,,,,HCFC-142b,,,,,,,,,,,0,,,,,,,,,,,,,,,
a091h000004KQJuAAO,0051h0000064MckAAE,,HCFC-21 - 2018 revision,0121h000001lj5TAAQ,2021-03-29T18:30:16.000+0000,0051h0000064MckAAE,2021-03-29T18:30:16.000+0000,0051h0000064MckAAE,2021-03-29T18:30:16.000+0000,,,,,,,,,,,,,,,,,,,,https://www.gov.uk/government/publications/greenhouse-gas-reporting-conversion-factors-2018,,,0,,,,,,,,,,2018,,,,,,0,,,,,151,,,,,0,,,,,,,,,,,,,,,,0,,,,,,,,,,,,,,,,0,,,,,HCFC-21,,,,,,,,,,,0,,,,,,,,,,,,,,,
a091h000004KQJvAAO,0051h0000064MckAAE,,HCFC-22 / R22 (chlorodifluoromethane) - 2018 revision,0121h000001lj5TAAQ,2021-03-29T18:30:16.000+0000,0051h0000064MckAAE,2021-03-29T18:30:16.000+0000,0051h0000064MckAAE,2021-03-29T18:30:16.000+0000,,,,,,,,,,,,,,,,,,,,https://www.gov.uk/government/publications/greenhouse-gas-reporting-conversion-factors-2018,,,0,,,,,,,,,,2018,,,,,,0,,,,,1810,,,,,0,,,,,,,,,,,,,,,,0,,,,,,,,,,,,,,,,0,,,,,HCFC-22 / R22 (chlorodifluoromethane),,,,,,,,,,,0,,,,,,,,,,,,,,,
a091h000004KQJwAAO,0051h0000064MckAAE,,HCFC-225ca - 2018 revision,0121h000001lj5TAAQ,2021-03-29T18:30:16.000+0000,0051h0000064MckAAE,2021-03-29T18:30:16.000+0000,0051h0000064MckAAE,2021-03-29T18:30:16.000+0000,,,,,,,,,,,,,,,,,,,,https://www.gov.uk/government/publications/greenhouse-gas-reporting-conversion-factors-2018,,,0,,,,,,,,,,2018,,,,,,0,,,,,122,,,,,0,,,,,,,,,,,,,,,,0,,,,,,,,,,,,,,,,0,,,,,HCFC-225ca,,,,,,,,,,,0,,,,,,,,,,,,,,,
a091h000004KQJxAAO,0051h0000064MckAAE,,HCFC-225cb - 2018 revision,0121h000001lj5TAAQ,2021-03-29T18:30:16.000+0000,0051h0000064MckAAE,2021-03-29T18:30:16.000+0000,0051h0000064MckAAE,2021-03-29T18:30:16.000+0000,,,,,,,,,,,,,,,,,,,,https://www.gov.uk/government/publications/greenhouse-gas-reporting-conversion-factors-2018,,,0,,,,,,,,,,2018,,,,,,0,,,,,595,,,,,0,,,,,,,,,,,,,,,,0,,,,,,,,,,,,,,,,0,,,,,HCFC-225cb,,,,,,,,,,,0,,,,,,,,,,,,,,,
a091h000004KQJyAAO,0051h0000064MckAAE,,HCFE-235da2 - 2018 revision,0121h000001lj5TAAQ,2021-03-29T18:30:16.000+0000,0051h0000064MckAAE,2021-03-29T18:30:16.000+0000,0051h0000064MckAAE,2021-03-29T18:30:16.000+0000,,,,,,,,,,,,,,,,,,,,https://www.gov.uk/government/publications/greenhouse-gas-reporting-conversion-factors-2018,,,0,,,,,,,,,,2018,,,,,,0,,,,,350,,,,,0,,,,,,,,,,,,,,,,0,,,,,,,,,,,,,,,,0,,,,,HCFE-235da2,,,,,,,,,,,0,,,,,,,,,,,,,,,
a091h000004KQJzAAO,0051h0000064MckAAE,,HFC-125 - 2018 revision,0121h000001lj5TAAQ,2021-03-29T18:30:16.000+0000,0051h0000064MckAAE,2021-03-29T18:30:16.000+0000,0051h0000064MckAAE,2021-03-29T18:30:16.000+0000,,,,,,,,,,,,,,,,,,,,https://www.gov.uk/government/publications/greenhouse-gas-reporting-conversion-factors-2018,,,0,,,,,,,,,,2018,,,,,,0,,,,,3500,,,,,0,,,,,,,,,,,,,,,,0,,,,,,,,,,,,,,,,0,,,,,HFC-125,,,,,,,,,,,0,,,,,,,,,,,,,,,
a091h000004KQK0AAO,0051h0000064MckAAE,,HFC-134 - 2018 revision,0121h000001lj5TAAQ,2021-03-29T18:30:16.000+0000,0051h0000064MckAAE,2021-03-29T18:30:16.000+0000,0051h0000064MckAAE,2021-03-29T18:30:16.000+0000,,,,,,,,,,,,,,,,,,,,https://www.gov.uk/government/publications/greenhouse-gas-reporting-conversion-factors-2018,,,0,,,,,,,,,,2018,,,,,,0,,,,,1100,,,,,0,,,,,,,,,,,,,,,,0,,,,,,,,,,,,,,,,0,,,,,HFC-134,,,,,,,,,,,0,,,,,,,,,,,,,,,
a091h000004KQK1AAO,0051h0000064MckAAE,,HFC-134a - 2018 revision,0121h000001lj5TAAQ,2021-03-29T18:30:16.000+0000,0051h0000064MckAAE,2021-03-29T18:30:16.000+0000,0051h0000064MckAAE,2021-03-29T18:30:16.000+0000,,,,,,,,,,,,,,,,,,,,https://www.gov.uk/government/publications/greenhouse-gas-reporting-conversion-factors-2018,,,0,,,,,,,,,,2018,,,,,,0,,,,,1430,,,,,0,,,,,,,,,,,,,,,,0,,,,,,,,,,,,,,,,0,,,,,HFC-134a,,,,,,,,,,,0,,,,,,,,,,,,,,,
a091h000004KQK2AAO,0051h0000064MckAAE,,HFC-143 - 2018 revision,0121h000001lj5TAAQ,2021-03-29T18:30:16.000+0000,0051h0000064MckAAE,2021-03-29T18:30:16.000+0000,0051h0000064MckAAE,2021-03-29T18:30:16.000+0000,,,,,,,,,,,,,,,,,,,,https://www.gov.uk/government/publications/greenhouse-gas-reporting-conversion-factors-2018,,,0,,,,,,,,,,2018,,,,,,0,,,,,353,,,,,0,,,,,,,,,,,,,,,,0,,,,,,,,,,,,,,,,0,,,,,HFC-143,,,,,,,,,,,0,,,,,,,,,,,,,,,
a091h000004KQK3AAO,0051h0000064MckAAE,,HFC-143a - 2018 revision,0121h000001lj5TAAQ,2021-03-29T18:30:16.000+0000,0051h0000064MckAAE,2021-03-29T18:30:16.000+0000,0051h0000064MckAAE,2021-03-29T18:30:16.000+0000,,,,,,,,,,,,,,,,,,,,https://www.gov.uk/government/publications/greenhouse-gas-reporting-conversion-factors-2018,,,0,,,,,,,,,,2018,,,,,,0,,,,,4470,,,,,0,,,,,,,,,,,,,,,,0,,,,,,,,,,,,,,,,0,,,,,HFC-143a,,,,,,,,,,,0,,,,,,,,,,,,,,,
